Date,Location,Fishing type,Boat name,Fishing days,Depth (wow),Avg. no. of hauls/day,Avg. haul duration (hours),Fishing Location,Target,Net,Total Catch weight (kg),Total income (?),LVB Vendor,Total LVB weight (kg),Price/kg (?),LVB Crates,Sample,Sample weight (g),Commercial Catch,Remarks
01-01-2018,Dandi beach,Trawler,A,,,,,,,,,,Ibrahim,,,"8 soles, 2 sardines, 2.5 mixed",LVB01,1320,,
03-01-2018,Dandi beach,Trawler,B,,,,,,,,,,Ibrahim,,,Only 1 mixed crate in total,LVB02,615,,
04-01-2018,Dandi beach,Trawler,C,,,,,,,,,,Mohammad,29,,3/4th crate of mixed fish,LVB03,853,,
06-01-2018,Dandi beach,Trawler,D,,,,,,,,,,Ibrahim,35,23,Only 1 mixed crate,LVB04,473,,Bought for Rs 800
06-01-2018,Dandi beach,Trawler,E,4,,,,,Finfish,Fish - Disco,,,Ibrahim,39,,Crates of juvenile Nemipterus sp. only,NS01,100,,"No sample taken, 100g written for analysis purposes"
06-01-2018,Dandi beach,Trawler,F,,,,,,,,,,Ibrahim,9,23,1/2 crate of mixed,LVB05,614,,
07-01-2018,Dandi beach,Trawler,"Ekdant, Siddhivinayak",5.5,30,,,,Squid,Squid - Disco,,,,26,,"2 crate of juvenile Nemipterus, 2/3rd full.",NS02,100,,Caught at night using squid net. Catch from both boats combined. To be sold for Khatti. Crewman: Mohit
07-01-2018,Dandi beach,Trawler,G,,,,,,,,,,Ibrahim,34,,Crate of juvenile nemipterus,NS03,100,,
07-01-2018,Dandi beach,Trawler,H,,,,,,,,,,Ibrahim,4,,Small amount of mixed,LVB06,616,,
07-01-2018,Dandi beach,Trawler,Pratamesh,1,,,,,Shrimp,Chalu,,,Mohammad,3,,Small amount of mixed,LVB07,364,,Boat name not sure
09-01-2018,Dandi beach,Trawler,Valjai/Valbai,1,,,,,Shrimp,Chalu,,,Ibrahim,20,,1 crate mixed,LVB08,585,,
16-01-2018,Dandi beach,Trawler,J,,,,,,,,,,Mohammad,63,,2 crates mixed,LVB09,787,,
18-01-2018,Dandi beach,Trawler,Hemavati,2,10,,,,Shrimp,Chalu,,,Bashir Ahmed,70,,2 crates mixed,LVB10,834,,
19-01-2018,Dandi beach,Trawler,Mahalakshmi,3,11,,,,Finfish,Fish - Disco,,,Bashir Ahmed,28,,1 crate mixed,LVB11,885,,
20-01-2018,Dandi beach,Trawler,N,,,,,,,,,,Ibrahim,19,,1/2 crate ponyfish,NS04,100,,
20-01-2018,Dandi beach,Trawler,Judith,3,30,,,,Shrimp,Chalu,,,Ibrahim,25,26,1/2 crate of moontail bullseye,LVB12,431,,"Commercial species, sold because of small size (??)"
21-01-2018,Dandi beach,Trawler,Shree Siddhivinayak,3,25,,,,Finfish,Fish - Disco,,,Ibrahim,64,,2 crate mixed ,LVB13,612,,
21-01-2018,Dandi beach,Trawler,Shreepad Vallabh,3,16,,,,Squid,Squid - Disco,,,Ibrahim,14,,1 crate Nemipterus,NS05,100,,
21-01-2018,Dandi beach,Trawler,Pratamesh,1,30,,,,Shrimp,Chalu,,,Ibrahim,20,,1 crate mixed,LVB14,666,,
23-01-2018,Dandi beach,Trawler,Saumi,2,30,,,,Squid,Squid - Disco,1200,,Mohammad,28,25,1 crate mixed,NS06,100,"Total squid weight was 600kg. Rest was surmai, halwa, bangda, croakers.", LVB sold because going bad?
23-01-2018,Dandi beach,Trawler,Saumi,2,30,,,,Squid,Squid - Disco,1200,,Mohammad,24,25,1 crate Nemipterus,NS07,100,,
23-01-2018,Dandi beach,Trawler,Gajannan Maharaj,4,35,,,,Squid,Squid - Disco,?100+26,,Mohammad,53,25,2 crates mixed,LVB16,606,Fishing for squid and Lep.,"Very little catch. 3 hauls a day, 4 hours per haul. +26 for the ribbonfish"
24-01-2018,Dandi beach,Trawler,Shreepad Vallabh,3,22.5,,,Ratnagiri,Shrimp,Chalu,311,,Mohammad,98,26,3 crates mixed,LVB17,550,"1crate crabs, 2-3 baskets carangids, 1 crate lep, 1 bamboo shark, 1 skate, 2 crates ribbon, rest shrimp",TOTAL CATCH WEIGHT ESTIMATED!
24-01-2018,Dandi beach,Trawler,Shreepad Vallabh,3,22.5,,,Ratnagiri,Shrimp,Chalu,311,,Mohammad,2,26,2 baskets of croakers. ~1kg per basket?,NS08,100,"1crate crabs, 2-3 baskets carangids, 1 crate lep, 1 bamboo shark, 1 skate, 2 crates ribbon, rest shrimp",Would be sold for around Rs.50 in the auction otherwise
26-01-2018,Dandi beach,Trawler,Om Sai,2,12,,,,Finfish,Fish - Disco,379,,Bashir Ahmed,35,27,1+1/3rd crate mixed,LVB18,608,"Pomfret, bangda, some squid, carangids, sicklefish, lizardfish, 3 crates ribbonfish (129kg)",Khatti caught on last day?
26-01-2018,Dandi beach,Trawler,Vishnudatta,3,,,,,Squid,Squid - Disco,594,,Bashir Ahmed,308,27,11 crates carangids,NS09,100,,"6 sold to Bashir, 5 to Swapnil. Total weight 286+308"
26-01-2018,Dandi beach,Trawler,Anand Prasad,4,20,,,,Finfish,Fish - Disco,2000,,Bashir Ahmed,290,27,10 crates of mixed,LVB19,590,"Mostly fish (pomfret, bangda, surmai). Some squid",
26-01-2018,Dandi beach,Trawler,Anand Prasad,4,20,,,,Finfish,Fish - Disco,2000,,Bashir Ahmed,300,,300kg of sardines for oil,NS10,100,,
27-01-2018,Dandi beach,Trawler,Rishikesh,3,25,,,,Finfish,,?150,,Bashir Ahmed,59,27.5,2 crates Megalapsis cordyla,NS11,100,"Very little squid. Lots of spinycheek grouper, lots of crabs. Some lizardfish",No sample taken. Mostly Megalapsis in the crates. Total weight 150+59?
27-01-2018,Dandi beach,Trawler,Om Sai,1,12,,,,Finfish,Fish - Disco,?225,,Bashir Ahmed,24,27.5,3/4th crate puffers/mixed,LVB20,484,"90kg Lep, 1+1/2 crate ribbonfish (sold for drying), some squid, some crabs, barracuda, small surmai",
27-01-2018,Dandi beach,Trawler,Om Sai,1,12,,,,Finfish,Fish - Disco,?225,,Bashir Ahmed,85,27.5,3 crates anchovies,LVB21,229,,"Small sample taken to estimate species, size range"
27-01-2018,Dandi beach,Trawler,Om Sai,1,12,,,,Finfish,Fish - Disco,?225,,Bashir Ahmed,28.5,27.5,1 crate Alepes,LVB22,103,,"Small sample taken to estimate species, size range"
29-01-2018,Dandi beach,Trawler,Vijayalakshmi + Audumbar,4,,,,,Squid,Squid - Disco,?350,,Swapnil Pahadkar,209,28,4 crates of Nemipterus,LVB23,398,,Catch from two boats combined
01-02-2018,Dandi beach,Trawler,Anand,3,,,,,Finfish,Mixed,,,Shree Fish,1080,25,36 crates mixed (approx 30kg/crate),LVB25,1537,"Mostly pomfret, some squid, catfish, bangda, rawas","Two sub-samples taken, but combined"
02-02-2018,Dandi beach,Trawler,Om Sai,2,13.5,4,3,,Shrimp,Chalu,325,,Mohammad,66,25,2 crates Megalapsis cordyla,LVB27,585,"Lots of shrimp. 1 crate crab, 1 crate surmai, 1/2 squid, some small halwa, suandala, gerres, sillago, barracuda, 12 spadenose sharks, 1 sharpnose stingray, 2 eagle rays",
04-02-2018,Dandi beach,Trawler,Hemangi,2,35,3,3,,Shrimp,Chalu,,,Bashir Ahmed,20,,Half crate ponyfish + nemipterus,LVB28,364,,
04-02-2018,Dandi beach,Trawler,Mangal Moorthi,3,16,3,4,,Mixed,Mixed,2123,,Mohammad,300,23,10 crates of mixed,LVB30,910,,
04-02-2018,Dandi beach,Trawler,Mangal Moorthi,3,16,3,4,,Mixed,Mixed,2123,,Mohammad,30,,1 crate megalaspis,NS12,100,,
05-02-2018,Dandi beach,Trawler,Shreepad Vallabh,2,11,4,2.5,,Shrimp,Chalu,255,,Bashir Ahmed,116,,4 crates of mixed,LVB31,660,"Lots of shrimp. 1 crate crabs, few sol, 1/2 lizardfish, 1/2 tiny saundala, 4-5 baskets squid, 1 flounder, 1 tardoore, 3-4 croakers, 1 halwa, 1 surmai, 1 crate ribbonfish (30kg)",
06-02-2018,Dandi beach,Trawler,Om Sai,1,15,4,3,,Finfish,Fish - Disco,475,,Jepa Seafood,35,23,1 crate mixed,LVB32,955,"Some croakers, some large mackerals and carangids","This crate caught in the last haul, on the way back"
06-02-2018,Dandi beach,Trawler,Om Sai,1,15,4,3,,Finfish,Fish - Disco,475,,Jepa Seafood,32.33333333,23,1 crate ponyfish,LVB33,135,,
06-02-2018,Dandi beach,Trawler,Om Sai,1,15,4,3,,Finfish,Fish - Disco,475,,Jepa Seafood,32.33,23,1 crate megalaspis,LVB34,149,,
06-02-2018,Dandi beach,Trawler,Om Sai,1,15,4,3,,Finfish,Fish - Disco,475,,Jepa Seafood,32.33,23,1 crate Alepes,NS13,100,,
08-02-2018,Dandi beach,Trawler,Om Sai,2,15,4,3,,Finfish,Fish - Disco,1200,,Jepa Seafood,287,27,6 large mixed crates,LVB35,717,"2 crates barracuda, 2 surmai, 1 bangda, 1 large queenfish, 8 crates ponyfish (sold for export), 5 crates sardinella, 2 crates alepes, 5 baskets ponyfish, 1 small halwa, 1 saundala. Lots of large carangids",
09-02-2018,Dandi beach,Trawler,Gajannan Maharaj,3,32.5,3,3.25,,Squid,Squid - Disco,500,,Jepa Seafood,93,14,3 crates puffer/mixed,LVB36,951,"LOTS of lep, some squid",Used a disconet
09-02-2018,Dandi beach,Trawler,Gajannan Maharaj,3,32.5,3,3.25,,Squid,Squid - Disco,500,,Jepa Seafood,21,31,2/3 crate nemipterus,LVB37,201,,"Nemipterus sold at a higher rate - used to make a paste, not powder??"
10-02-2018,Dandi beach,Trawler,Om Sai,1,15,3,3,,Finfish,Fish - Disco,600,,Jepa Seafood,59,25,2 mixed,LVB38,852,"Lots of large carangids (queenfish and others), 2-3 crates surmai, 1 crate squid, 2 crates ribbonfish, 5 crates small ponyfish, 2 eagle rays",
10-02-2018,Dandi beach,Trawler,Om Sai,1,15,3,3,,Finfish,Fish - Disco,600,,Jepa Seafood,30,25,1 crate sardinella + scomberoides,LVB39,378,,Scomberoides (Queenfish) sold commercially at auction!
11-02-2018,Dandi beach,Trawler,Shreepad Vallabh,2,18,3,2.25,,Shrimp,Chalu,300,,Swapnil Pahadkar,87,13,2 crates of puffer/mix,LVB40,905,"Shrimp, 1/2 crate lizardfish, 7 crates lep, 4-5 baskets squid, 1 basket groupers, 1 croakers, 1 carangids, 1 mixed","Approx 70kg of shrimp in the catch. Price of pufferfish is lower, while price for other finfish is higher: 24-25"
14-02-2018,Dandi beach,Trawler,Gajannan Maharaj,3,?20,3,3,,Shrimp,Chalu,400,,Mohammad,156,22,5 crates mixed,LVB41,2029,"Lots of lep, some shrimp. 2 slender bamboos, 5 spadenose, 4 rays",First 2 days fished for lep at 25-30 wow. Last day for shrimp at 10-12 wow. Same net
16-02-2018,Dandi beach,Trawler,Omkar,2,20,3,,,Shrimp,Chalu,?500,,Bashir Ahmed,4,22,1/5th crate megalaspis,LVB42,506,,Sold at the end. 
17-02-2018,Dandi beach,Trawler,Om Sai,1,12.5,3,3,,Finfish,Fish - Disco,550,,Mohammad,61,22,2 crates mixed,LVB43,1387,"1 large snapper, large carangids, 2 eagle rays, some sicklefish, 7-8 crates ponyfish, etc.",Lots of juveniles in the LVB. 
19-02-2018,Dandi beach,Trawler,Shreepad Vallabh,1,25,3,2.5,,Shrimp,Chalu,?300,,Bashir Ahmed,12,13,1/3 crate puffer/mixed,LVB44,804,"Shrimp, Crabs, some squid, lizardfish, croakers, small saundala",Less catch. ~100 Kg or less
28-02-2018,Dandi beach,Trawler,Gajannan Maharaj,2,16,3.5,3,,Shrimp,Chalu,400,,Ibrahim,30,20,1 crate mixed,LVB45,491,"Lots of lizardfish, lots of Lep, 1 crate crabs, 1 crate ponyfish, 2 crates ribbonfish for drying, some craokers, flounders","4 hauls the first day, 3 hauls on the second day. Used Chalu-Jal, but little shrimp. Mostly Lep"
28-02-2018,Dandi beach,Trawler,Gajannan Maharaj,2,16,3.5,3,,Shrimp,Chalu,400,,Ibrahim,26,20,1 crate ponyfish,LVB46,444,"Lots of lizardfish, lots of Lep, 1 crate crabs, 1 crate ponyfish, 2 crates ribbonfish for drying, some craokers, flounders","4 hauls the first day, 3 hauls on the second day. Used Chalu-Jal, but little shrimp. Mostly Lep"
01-03-2018,Dandi beach,Trawler,Om Sai,1,15,3,3.5,,Finfish,Fish - Disco,529,,Jepa Seafood,50,20,2 crates ponyfish,LVB47,336,"2 crates surmai, 4 barracuda, 1 crate croakers, 6 large ponyfish, 1/2 crate large queenfish, 1/2 large trevallies, 1/2 crate gibbosa, 1/4 squid, 1/4 moonfish",2 crates mixed from previous day as well. So subtracted that (60kg) from total weight
01-03-2018,Dandi beach,Trawler,Om Sai,1,15,3,3.5,,Finfish,Fish - Disco,529,,Jepa Seafood,55,20,2 crates mixed,LVB48,517,"2 crates surmai, 4 barracuda, 1 crate croakers, 6 large ponyfish, 1/2 crate large queenfish, 1/2 large trevallies, 1/2 crate gibbosa, 1/4 squid, 1/4 moonfish, 1/2 crate ribbonfish (17kg)",2 crates mixed from previous day as well. So subtracted that (60kg) from total weight
02-03-2018,Dandi beach,Trawler,Mangal Moorthi,3,10,3,3.5,,Mixed,Fish - Disco,600,,Jepa Seafood,69,20,2 crates mixed,LVB49,785,"Lots of Lep and Ribbonfish. Lots of lizardfish and Croakers, 2 crates crab, some surmai, bangda, platycephalidae, catfish, bamboo sharks, tardoor ","2 days used the chalu jal for shrimp, last day used the disco jal for fish. All LVB from Discojal?"
02-03-2018,Dandi beach,Trawler,Mangal Moorthi,3,10,3,3.5,,Mixed,Fish - Disco,600,,Jepa Seafood,105,20,4 crates moonfish,LVB50,527,"Lots of Lep and Ribbonfish. Lots of lizardfish and Croakers, 2 crates crab, some surmai, bangda, platycephalidae, catfish, bamboo sharks, tardoor ","2 days used the chalu jal for shrimp, last day used the disco jal for fish. All LVB from Discojal?"
02-03-2018,Dandi beach,Trawler,Shreepad Vallabh,2,9,3,2.25,,Shrimp,Chalu,,,Jepa Seafood,16,20,1/2 crate mixed,LVB51,515,?? Mostly sold to centre,"4 haul on the first day, 2 on second. "
05-03-2018,Dandi beach,Trawler,Mangal Moorthi,3,20,3.5,4,,Finfish,Fish - Disco,?500,,Bashir Ahmed,99,18,3 crates mixed,LVB52,1494,"Lots of surmai, lizardfish and bangda. Some gibbosa, ponyfish, lep. 21 crates (630 kg) ribbonfish, sold as bait for 35/kg. ",
06-03-2018,Dandi beach,Trawler,Shreepad Vallabh,2,15.5,3,2.25,,Shrimp,Chalu,179,,Jepa Seafood,11,19,1/2 crate puffer,LVB53,571,"Lots of shrimp and squid, some croakers, 4 crates lep, 1 crate ribbon (28kg)",
06-03-2018,Dandi beach,Trawler,Shreepad Vallabh,2,15.5,3,2.25,,Shrimp,Chalu,179,,Jepa Seafood,16,19,3/4th crate mixed,LVB54,1049,"Lots of shrimp and squid, some croakers, 4 crates lep, 1 crate ribbon (28kg)",
08-03-2018,Dandi beach,Trawler,Om Sai,1,15,4,3,,Finfish,Fish - Disco,350,,Bashir Ahmed,102,16,3 crates mixed,LVB55,1229,"1/2 crate pomfret, 1/2 trevallys, 1 crate surmai, 1/4 queenfish, 1/2 sardines, 1/2 halwa, 3 crates ribbon, 2-3 baskets bangda, 3-4 lizard, 5 croakers",
09-03-2018,Dandi beach,Trawler,Gajannan Maharaj,3,15.5,3,3,,Shrimp,Chalu,?325,,Mohammad,58,16,2 crates mixed,LVB56,1411,"Lots of shrimp, ~2 crates crab, some lizardfish and bangda, few barracudas, 16 crates lep, 2 crates ribbonfish",Weight estimate incorrect!
12-03-2018,Dandi beach,Trawler,Shreepad Vallabh,2,15.5,3,3,Off Malvan,Shrimp,Chalu,340,,Bashir Ahmed,85.5,25,3 crates small sized lep,NS14,100,"x baskets shrimp, 1 crate crab (~10 kg) 1/2 crate lizardfish (~15kg), 1/2 crate squid (~15kg), 3.5 crates lep (~100kg), 2 crates ribbon (~60kg), 1/5 crate cuttlefish (6kg), 2 baskets barracuda (~4kg), 1 basket bangda (~2kg), 1 croaker (~1kg), 1 sula/mixed (~1kg) ",My estimate of weight. Their estimate: 200-300kg. Dried and sold for food
12-03-2018,Dandi beach,Trawler,Shreepad Vallabh,2,15.5,3,3,Off Malvan,Shrimp,Chalu,340,,Swapnil Pahadkar,16,16,1/2 crate mixed,LVB57,938,"x baskets shrimp, 1 crate crab (~10 kg) 1/2 crate lizardfish (~15kg), 1/2 crate squid (~15kg), 3.5 crates lep (~100kg), 2 crates ribbon (~60kg), 1/5 crate cuttlefish (6kg), 2 baskets barracuda (~4kg), 1 basket bangda (~2kg), 1 croaker (~1kg), 1 sula/mixed (~1kg) ",My estimate of weight. Their estimate: 200-300kg.
12-03-2018,Dandi beach,Trawler,Shreepad Vallabh,2,15.5,3,3,Off Malvan,Shrimp,Chalu,340,,Swapnil Pahadkar,26,35,1 crate Nemipterus,LVB58,217,"x baskets shrimp, 1 crate crab (~10 kg) 1/2 crate lizardfish (~15kg), 1/2 crate squid (~15kg), 3.5 crates lep (~100kg), 2 crates ribbon (~60kg), 1/5 crate cuttlefish (6kg), 2 baskets barracuda (~4kg), 1 basket bangda (~2kg), 1 croaker (~1kg), 1 sula/mixed (~1kg) ",My estimate of weight. Their estimate: 200-300kg. Sold to make surmi
13-03-2018,Dandi beach,Trawler,Om Sai,1,15,4,3,Vengurla,Finfish,Fish - Disco,296,,Mohammad,107,16,4 crates mixed,LVB59,1375,"1 crate ribbon (27/kg), 1.5 crate ponyfish, 1/2 crate surmai, 3/4 crate croakers, 1 crate pomfret+halwa, 1 crate sardinella, 18 baskets fish, 3 shrimp, 3 rays, 10-15 medium fish",Agent's estimate of weight: 250kg + some part sold to the centre
15-03-2018,Dandi beach,Trawler,Om Sai,1,15,4,3,Vengurla,Finfish,Fish - Disco,282,,Mohammad,60,16,2 crates mixed,LVB60,942,LOTS of rays in sample. ,Total weight = 210+ray weight (72kg?)
17-03-2018,Dandi beach,Trawler,Gajannan Maharaj,3,20,3,3,Devgad - Aachra,Shrimp,Chalu,470,,Mohammad,74,16,3 crates mixed,LVB61,1703,"2 crates lizard, 1/2 croaker, 6 lep, 2 crates crab, >9 baskets shrimp (60 kg), 5 bamboo sharks, 1 platycephalus, 3/4 crate ribbonfish (20kg)","Total weight an avg of my estimate (394) and his (500). Got lots of big shrimp, to sell at centre. Fish till 8-9 in the night"
18-03-2018,Dandi beach,Trawler,Hemavati,2,17,3,3,Devgad,Shrimp,Chalu,?441,,Swapnil Pahadkar,79,35,3 crates nemipterus,LVB62,1292,"?Lots of chalu shrimp, some lizardfish, some crabs, 10 crates lep",Weight not sure - wrong boat??!!
20-03-2018,Dandi beach,Trawler,Shreepad Vallabh,1,12.5,2,2.5,Off Malvan,Shrimp,Chalu,?75,,,0,,No LVB,,,"10-12 baskets shrimp, some crab, some lep","Very little catch. Only 1 day, 2 hauls because of wind. 2-3 kg mixed fish sold to fisherwoman for Rs.50, not for LVB! Estimate total catch weight?"
22-03-2018,Dandi beach,Trawler,Om Sai,1,12,2,3,Devgad,Shrimp,Chalu,,,,0,,No LVB,,,Shrimp,Went for shrimp trawl. Didn't catch/bring back any low value fish
23-03-2018,Dandi beach,Trawler,Shreepad Vallabh,2,19.5,1.5,2.1,Malvan - Devgad,Shrimp,Chalu,204,,Swapnil Pahadkar,8,16,1/4 crate mixed,LVB63,700,"1/2 crate lizerdfish, ~14 baskets shrimp, 3 baskets +1/4 crate squid, 1/3 crate crab, 1 basket barracuda, 2 crates lep, 1 basket sepia, 1 crate ribbonfish (38kg)","Only 1 haul on day 1 (1.5 hours) in Devgad, 2 hauls on day 2 (2.5 hours) coming back towards Malvan - because of wind. TOTAL WEIGHT ESTIMATED"
23-03-2018,Dandi beach,Trawler,Shreepad Vallabh,2,19.5,1.5,2.1,Malvan - Devgad,Shrimp,Chalu,204,,Swapnil Pahadkar,12,35,1/3 crate nemipterus,LVB64,95,"1/2 crate lizerdfish, ~14 baskets shrimp, 3 baskets +1/4 crate squid, 1/3 crate crab, 1 basket barracuda, 2 crates lep, 1 basket sepia, 1 crate ribbonfish (38kg)","Only 1 haul on day 1 (1.5 hours) in Devgad, 2 hauls on day 2 (2.5 hours) coming back towards Malvan - because of wind"
24-03-2018,Dandi beach,Trawler,Gajannan Maharaj,2,15.5,1.5,2.3,Devgad,Shrimp,Chalu,74,,,0,,No LVB,,,"16 baskets shrimp, 1/4 crate crab, 4 baskets fish, 3 baskets squid, 1/5 crate ponyfish, 1 bamboo shark, 1.5 crates lep","Went for 3 days to Devgad. Day 1: 1 haul, 2 hours. Day 2: no fishing. Day 3: 2 hauls, 2+3 hours. Because of wind. TOTAL WEIGHT ESTIMATED"
28-03-2018,Dandi beach,Trawler,Shreepad Vallabh,1,12.5,2,3,Off Malvan,Shrimp,Chalu,66,,Mohammad,20,16,2/3 crate mixed,LVB65,874,"7-8 baskets shrimp, 1 basket pomfret, 1 basket croaker, 1 small surmai, 2 baskets small tardoore, 1/2 barracuda, 2 baskets crab, 10 squid, 1/5 crate lizardfish, 1/2 crate lep",Went only for 1 day because tandeil had to return for some emergency. Total catch weight estimated
29-03-2018,Dandi beach,Trawler,Gajannan Maharaj,2,20,2.5,4,Devgad,Shrimp,Chalu,223,,Mohammad,15,16,1/2 crate mixed,LVB66,691,"6 baskets shrimp (~1.6 each), 4.5 crates lep, 3/4 crate sardines, 1/2 crate crabs, 1/5 lizard, 1/3 crate squid+ 8 baskets (~2.1 each), 2 baskets croakers (~1.6 each), 1 saundala, 1 tardoor, 1 basket mixed, 1/2 basket flatfish, 1 stingray","3 hauls on first day, 2 on second"
01-04-2018,Dandi beach,Trawler,Om Sai,1,15,3,,Vengurla,Finfish,Fish - Disco,191,,Bashir Ahmed,107,16,3 mixed crates,LVB67,573,"1/2 crate pompfret, 1/5 crate surmai, 1/6 crate barracuda, 1+1/4 crate sardines, 1/6 crate hilsa, 1/4 ponyfish, 1/4 crate squid, 4-5 baskets fish",Less catch. Mixed with another boat (Omkar)?
04-04-2018,Dandi beach,Trawler,Badrakali,2,12,3,3,Malvan - Zuva,Shrimp,Chalu,102,,Bashir Ahmed,11,16,1/3 crate mixed,LVB68,691,"At least 18 baskets shrimp, 3 baskets squid (1.8-2kg), ~7 baskets fish (ponyfish, bangda, alepes, mullets), 3 rays (450g), 2 x 4/5 crates lep",
05-04-2018,Dandi beach,Trawler,Gajannan Maharaj,1,10,2,3,Off Malvan,Shrimp,Chalu,98,,Mohammad,15,15,1/2 crate mixed,LVB69,859,"~20 big baskets shrimp (1.7kg), 1/2 crate croaker, 1/2 crate lizardfish, 2 big baskets squid (~2.2), 1 basket chappalfish, 1 basket pomfret, 1/2 crate lep","2 or 3 hauls??? Caught 2 snakes, released. Came back early, little catch"
07-04-2018,Dandi beach,Trawler,Gandharva,2,35,3,3,Vengurla,Finfish,Fish - Disco,145,,Mohammad,71,16,2 mixed,LVB70,1087,"1/2 crate pompfret, 1/4 crate megalaspis, 1/3 crate tardoore, 1/3 surmai, 1/4 croakers, 1/4 small pompfret, 3 baskets small halwa, 2 baskets mixed fish,1 basket saundala, 3 baskets crabs, X spadenose sharks",
09-04-2018,Dandi beach,Trawler,Om Sai,1,13.5,3,,Vengurla,Finfish,Fish - Disco,592,,Mohammad,240,16,8 crates mixed,LVB71,758,"2.5 crates tarli, 1/3 surmai, 2 crates big croakers, 1/4 small croakers, 1/5 tardoore, 1/5 alepes, 3 ponyfish, 1 crate pompano, 1/3 + 3/4 crates trevallies, 1/3 sicklefish, 1/2 crate rays, 12 baskets fish",8 crates mixed LVB from today + 6 crates from yesterday. Total weight to be esimated
11-04-2018,Dandi beach,Trawler,Shreepad Vallabh,2,10.5,,,Mithbav,Shrimp,Chalu,186,,,10,16,1/3 crate mixed,LVB72,655,"35 baskets shrimp, 1/2 crate lizardfish, 1/2 crate squid, 2 crate crabs, 1/6 crate croaker, 2 crates lep, 1/5 ribbonfish, 5 baskets fish, 3 rays, 1 bamboo shark",
11-04-2018,Dandi beach,Trawler,Shreepad Vallabh,2,10.5,,,Mithbav,Shrimp,Chalu,186,,,10,15,1/3 crate nemipterus,NS15,100,"35 baskets shrimp, 1/2 crate lizardfish, 1/2 crate squid, 2 crate crabs, 1/6 crate croaker, 2 crates lep, 1/5 ribbonfish, 5 baskets fish, 3 rays, 1 bamboo shark",
15-04-2018,Dandi beach,Trawler,Badrakali,2,12,2.5,3,Off Malvan,Shrimp,Chalu,50,,Bashir Ahmed,7,15,1/4 mixed,LVB73,642,"~10kg squid, some shrimp, 2 crates crabs, 1/3 lep",Their weight estimate - 25. But too low!
17-04-2018,Dandi beach,Trawler,Gajannan Maharaj,2,10,2.5,3,Aachra,Shrimp,Chalu,90.25,,Mohammad,25,15,1 mixed crate,LVB74,904,"Atleast 7 big baskets shrimp, 1 big squid, 2 big baskets nemipterus, 1 crate crab, 1 crate lep, 1/5 crate tardoor, 2 kg ribbonfish (sold for drying). Probably some more shrimp/squid",Their weight estimate - 55 +25. LVB was rotting
18-04-2018,Dandi beach,Trawler,Shreepad Vallabh,2,10,3.5,,Off Malvan,Shrimp,Chalu,61,,,8,15,1/4 crate nemipterus,LVB75,215,"26 baskets shrimp, 2 baskets croakers, 3 baskets mixed fish, 2 rays, 3 baskets crabs, 1/3 crate squid, 1/3 crate lep",
21-04-2018,Dandi beach,Trawler,Om Sai,1,15,4,2.75,Vengurla,Finfish,Fish - Disco,325,,Bashir Ahmed,60,15,2 crates mixed,LVB76,793,"2.5 crates ponyfish, 1.5 crates sardines, 3/4 crate alepes, 1/2 crate large carangids, 2 crates squid, 2 baskets queenfish, 2 baskets croakers, 2 baskets hilsa, 17 baskets fish, ~3 kg barracuda, ~1.5 kg small surmai, 1 large eagle ray (25-35kg)",
26-04-2018,Dandi beach,Trawler,Shreepad Vallabh,2,16.5,3,3,Devbag,Shrimp,Chalu,230,,,15,15,1/2 crate nemipterus,LVB77,207,"29 baskets shrimp, 2 big eels, 2 baskets + 1 crate squid, 2 baskets sula, 2 baskets flatfish, 2 baskets bangda, 1/2 crate crab, 5 crates lep",
28-04-2018,Dandi beach,Trawler,Gajannan Maharaj,2,32.5,4,4,Devgad,Mixed,Mixed,144,,,7.5,15,1/4 crate mixed,LVB78,421,"8 big baskets shrimp, 7 big baskets fish, 1 basket spotted scat, 3 medium surmai, 1 medium eel, 1 chappal fish, 1 big ribbonfish, 1/2 crate squid, 1/4 crate crab, 3 crate lep",Did 1 haul of disco net and 3 of chalu per day
29-04-2018,Dandi beach,Purse seine,Unknown,,,,,,,Purse seine,,,,,,,PS-290418-01,,,"Purse seine from Goa, selling at Malvan. Approx 21 crates of small pelagic fish sold for drying (700/crate?). Sample taken"
29-04-2018,Dandi beach,Trawler,Rishikesh,3,27.5,3,5,,Mixed,Mixed,275,,Bashir Ahmed,117,15,5 3/4 crates mixed,LVB79,614,"1/4 crate saundala, 1/4 barracuda, 1/2 crate croaker, 1/2 crate carangids, 3/4 crate lizardfish, 1/5 ponyfish, 1/4 crate crabs, 2 large eels, 1 large halwa, 4 baskets fish, 4 baskets + 1/2 crate shrimp, 1.5 crates squid, 1/2 crate nemipterus ","Did 2 days of disco, 1 day of chalu. 3 crates lvb (70 kg) sold to Bashir. Were 2-3 crate more, sold where?? Total lvb weight estimated! 1/2 crate nemipterus sold where?? Counted as commerxial catch for now,"
30-04-2018,Dandi beach,Trawler,Shreepad Vallabh,2,15.5,3.5,,North,Shrimp,Chalu,182,,,0,15,No LVB,,0,"32 baskets +1 crate shrimp, 4 baskets fish, 3 baskets + 1 crate squid, 1/6 crate ponyfish, 2 crates crab, 2 crates lep","4 hauls on day 1, 3 on day 2. Did not land any bycatch - all discarded! Not worth collecting bycatch anymore??"
02-05-2018,Dandi beach,Trawler,Gajannan Maharaj,2,17.5,3,4,Aachra,Shrimp,Chalu,174.5,,,0,,No LVB,,0,"16 big baskets + 3/4 crate shrimp, 13 big baskets fish, 1/4 crate alepes, 1/5 crate lizardfish, 1/3 crate squid, 1 crate crab, 1 sharpnose stingray, 1/2 crate small ribbonfish, 2 full crates lep","No LVB - all discarded. For every 1 crate of catch, 4-5 crates of discards. Fewer crew members - so that’s why lvb not saved?"
03-05-2018,Dandi beach,Trawler,Om Sai,1,12.5,4,,Vengurla,Finfish,Fish - Disco,150,,Bashir Ahmed,17,15.5,1/2 crate alepes kleinii,LVB80,230,?,Previous day's catch. Didn't go fishing today
07-05-2018,Dandi beach,Trawler,Om Sai,2,13.5,4,,Vengurla,Mixed,Mixed,451.5,,Mohammad,98,15.5,3 crates mixed,LVB81,1002,"1 crate pomfret, 1/3 crate surmai, 1+1/3 crate croakers, 1/5 crate anchovies, 2/5 crate ponyfish, 1/5 crate suandala, 1/5 crate bangda, 1 crate tiny bangda, 1/5 crate crabs, 1 crate sardines, 1/3 crate rays, 1/2 crate thryssa, 2 3/4 crates squid, 3/4 crate queenfish/big fish, 2 crates alepes, 3 baskets shrimp, 19 baskets fish, 1 large eagle ray (8-10kg?)","4 hauls chalu on day 1, 4 hauls of disco on day 2"
09-05-2018,Dandi beach,Trawler,Gajannan Maharaj,2,17.5,3,3,Malvan,Shrimp,Chalu,199,,,30,,1 crate small ribbonfish,NS16,100,"17 big baskets shrimp, 8 baskets fish, 2 baskets squid, 2 rays, 1 shark, 1/2 crate crab, 4 crates lep",
09-05-2018,Dandi beach,Trawler,Shreepad Vallabh,2,8.5,3.5,,Devgad,Shrimp,Chalu,91,,,0,,No LVB,,0,"22 baskets shrimp, 3 rays, 5 baskets fish, 5 baskets crab, 1 basket squid, 2 crates lep",
19-10-2018,Dandi beach,Trawler,Omkar,1,10,4,3.5,Vengurla,Finfish,Fish - Disco,584.5,18700,Bashir Ahmed,125,12,5 crates Alepes (Most tiny),LVB82,757,"10 crates 'kokri', 1 crate sardinella, 1/2 crate squid, 2.5 kg dyne, 2 crates kingfish, 1.5 crates pomfret",Total catch weight not sure
19-10-2018,Dandi beach,Trawler,Omkar,1,10,4,3.5,Vengurla,Finfish,Fish - Disco,584.5,18700,Bashir Ahmed,44,14.5,2 crates mixed (large fish),LVB83,522,"10 crates 'kokri', 1 crate sardinella, 1/2 crate squid, 2.5 kg dyne, 2 crates kingfish, 1.5 crates pomfret",Total catch weight not sure
21-10-2018,Dandi beach,Trawler,Hemavati,2,11,3.5,2,Malvan,Finfish,Fish - Disco,685,14150,Swapnil Pahadkar,110,15,3 crates mixed,LVB84,945,"10 crates 'kokri', 3/4 crate surmai, 1/5 crate bangda, 1/5crate croakers, 1/5 crate tardoor, 2.5crates pompano, 3/4 crate sicklefish, 1/5 crate carangids, 1/2 crate crabs, 1.25 crate pomfret, 3 crates pnyfish, 12 baskets fish, few big fish (~10kg), 1 spotted eagle ray (~5kg)","Pompano sold for 500/crate, kokri for 350/crate"
23-10-2018,Dandi beach,Trawler,Dwarkadish,1,18,3,2.5,Malvan - South,Finfish,Fish - Disco,276,6832,Swapnil Pahadkar,128,14,5 crates mixed,LVB85,770,Eel/1 big/1000 ponyfish/3crates/500  Sardines/2.5 crates/not sold Surmai/2/3crate/1200  Bangda/2baskets/150  crab/1/4crate/  squid/5basket/500  fish/0.5crate/   pomfret/1basket/600  snapper/1/ cuttlefish/8kg/  mixed fish/7baskets/350,
25-10-2018,Dandi beach,Trawler,Ratna Bharti,2,15,3,3,Vengurla,Finfish,Fish - Disco,723,47739,Bashir Ahmed,209,16,7 crates mixed/Alepes,LVB86,1028,Kokri/10crates/6000  Ponyfish/2.5crates/4200  Surmai/0.75crate/2300  Carangids/0.33crate/200  Queenfish/0.5crate/600  Bangda/0.5crate/400  Sicklefish/2baskets/250  MixedFish/10baskets/1430  Pomfret/1crates/18055  Spotted eagle ray/1/500  Jacks/2crates/7400  Halwa/4kg/3060,1 basket of popmfret ~1.25 kg. Was getting sold for between 600-770/kg
27-10-2018,Dandi beach,Trawler,Sagar Samra,3,30,3,4,Malvan,Squid,Squid - Disco,865,32500,Swapnil Pahadkar,450,16,18 crates mixed,LVB87,1051,Saundala/0.25crates/800 Bangda/3crates/3300  Megalaspis/0.75crate/500  Mixedfish/0.20crate/230  Alepes/0.33crate/210  Ponyfish/3baskets/150  kokri/0.20crate/160  carangids/3baskets/150  Halwa/4baskets/450  WolfHerring/2baskets/450  Squid/5crates/10500  BigSquid/4crates/8400,"Squid sold at 70/kg at auction. Large squid sold directly to centre, also approx 70/kg. 1 crate squid = 30kg"
01-11-2018,Dandi beach,Trawler,Kelbai,2,17,3,4,Devgad,Finfish,Fish - Disco,361.5,8004,Swapnil Pahadkar,41,4,1 + 1/4 crate mixed,LVB88,220,,Mostly anchovies and Acetes in LVB - hence sold for a very low rate!
02-11-2018,Dandi beach,Trawler,Vishaka,3,20,3,4,Malvan - Devgad,Finfish,Fish - Disco,697.5,21706,Bashir Ahmed,268,13.5,8 crates mixed,LVB89,1164,,Not sure of prices for some of the items
02-11-2018,Dandi beach,Trawler,Vishaka,3,20,3,4,Malvan - Devgad,Finfish,Fish - Disco,697.5,21706,Bashir Ahmed,47,14,2 crates ribbonfish,NS17,100,,Sold for trash??
03-11-2018,Dandi beach,Trawler,Shri Siddesh,2,20,3,3,North,Finfish,Fish - Disco,185.5,9383,Swapnil Pahadkar,18,2.777777778,1/2 crate Acetes,NS18,100,,"Was not auctioned off, so sold at the end as trash"
03-11-2018,Dandi beach,Trawler,Shri Siddesh,2,20,3,3,North,Finfish,Fish - Disco,185.5,9383,Swapnil Pahadkar,1,13,1 basket clupeids (mostly A. chacunda),NS19,100,,"Was not auctioned off, so sold at the end as trash"
06-11-2018,Dandi beach,Trawler,Pavnai,3,25,3,2.5,Malvan,Finfish,Fish - Disco,,,,648,13,Mixed fish,,,Was not properly sampled,No lvb sample
06-11-2018,Dandi beach,Trawler,Pavnai,3,25,3,2.5,Malvan,Finfish,Fish - Disco,,,,428,12,Pedve,,,,
07-11-2018,Dandi beach,Trawler,Lakshmi,3,22.5,3,3,Sarjekot,Finfish,Fish - Disco,1187.5,40592,,734,13,16 crate of mixed/kokri/pedve/catfish,,,,No lvb sample
09-11-2018,Dandi beach,Trawler,Kelbai,2,25,3,3,,,,,,,700,12,22 crates,,,,"No lvb sample. Some missing data in catch composition, and many items not sold? So no total wt and income"
11-11-2018,Dandi beach,Trawler,Om Sai,1,11,3,3,Zuva,Finfish,Fish - Disco,,,,140,14,Mixed fish,,,"Kokri, Pedve, Kapi, Sarorya, Stingrays, mixed fish, Bodave, Gunjale",No lvb sample. Commercial catch not properly sampled - so no total catch wt or income
13-11-2018,Dandi beach,Trawler,Gandharva,3,12.5,3,3,Malvan - North,Finfish,Fish - Disco,577.5,42173,None,7,0,1/4 crate mixed,LVB90,774,,"Not sold, just discarded instead!"
13-11-2018,Dandi beach,Trawler,Gandharva,3,12.5,3,3,Malvan - North,Finfish,Fish - Disco,577.5,42173,,62,14,2.5 crates clupeids,NS20,100,,"Tried to auction off, sold for trash in the end"
15-11-2018,Dandi beach,Trawler,Dwarkadish,2,14,3,3,Aachra,Shrimp,Chalu,725,41114,Swapnil Pahadkar,,,,LVB91,644,,Lots of shrimp. Randomly selected (didn't ask for trash a priori)
16-11-2018,Dandi beach,Trawler,Om Sai,1,,,,,Shrimp,Chalu,89,13590,None,0,,No LVB,D-161118-H1,,,"Onboard sampling - Shawn. No trash fish. Two discards sample taken, check onboard sheet"
16-11-2018,Dandi beach,Trawler,Om Sai,1,,,,,Shrimp,Chalu,89,13590,None,0,,No LVB,D-161118-H2,,,
19-11-2018,Dandi beach,Trawler,Vittal Krupa,2,17.5,3,3,Kavda,Shrimp,Chalu,46.5,6925,None,0,,No LVB,,,,"Randomly selected. 4 hauls on day 1, 2 on day 2. Got most of their catch from day 2. Less catch in general, few buyers today."
23-11-2018,Dandi beach,Trawler,Nageshwar Prasad,2,12,5,2,Malvan,Shrimp,Chalu,265.1,19900,None,0,,No LVB,,,,"Very little shrimp, lots of lep. So targeted lep, not shrimp?"
23-11-2018,Dandi beach,Trawler,Pratamesh,,,,,,Shrimp,Chalu,,,Bashir Ahmed,30,15,1 crate mixed,LVB92,661,,"Sample taken from vendor, so no data obtained. Some of the LVB decomposed/mushy - so discarded"
24-11-2018,Dandi beach,Trawler,Om Sai,1,,4,,,Mixed,Mixed,,,,35,15,1.25 crates mixed,LVB93,824,,"Onboard sampling - Shawn. 3 benthic hauls, 1 pelagic. Most of the trash was from the pelagic trawl. One discards sample taken, check onboard sheet"
27-11-2018,Dandi beach,Trawler,Kohinoor,2,45,,,Malvan,Finfish,Fish - Disco,853,57482.5,Jepa Seafood,500,15.5,20 crates mixed,LVB94,997,,
29-11-2018,Dandi beach,Trawler,Ratna Bharti,1,15.5,3,3,Malvan,Finfish,Fish - Disco,1014,27900,Jepa Seafood,875,16,30 crates mixed,T-291118-01,824,,"Total lvb weight an average/estimate given by vendor, not actual amount"
03-12-2018,Dandi beach,Trawler,Ganadish,4,17.5,3,4,Devgad,Finfish,Fish - Disco,1123.5,47995,,900,16,30 crates of mixed,T-031218-01,0,,"Couldn't sample trash, sold already. Not completely sure about trash weight!"
05-12-2018,Dandi beach,Trawler,Dolphin,2,20,3,3,Ratnagiri,Squid,Squid - Disco,304.5,?38910,Unknown,70,16,2 overfull crates mixed,T-051218-01,988,,"Commercial catch not 100% sure. Said they had 7 crates of squid, but didn't see! Estimated/guessed prices of everthing"
06-12-2018,Dandi beach,Trawler,Omkar2,1,20,2,2,Malvan,Shrimp,Chalu,43.3,5240,None,0,,No LVB,,,,Less catch. Randomly sampled
11-12-2018,Dandi beach,Trawler,Dhanalakshmi,1,11,2,3,Devgad,Shrimp,Chalu,58.5,10118,Jepa Seafood,23,16,1 crate mixed,T-111218-01,835,,
12-12-2018,Dandi beach,Trawler,Omkar Ishwar,1,10,2,4,Malvan,Finfish,Fish - Disco,187,12036,Unknown,21,16,3/4 crate mixed,T-121218-01,719,,"Approx 5 kg surmai kept for sale tomorrow - so not included in today's income! Also has 2 crates of Alepes, but sold them fresh"
18-12-2018,Dandi beach,Trawler,Dwarkadish,1,11,3,2,Malvan,Shrimp,Chalu,72.5,6981,Unknown,21,16,3/4 crate tiny lep,NS-181218-01,100,,Couldn't get trash sample. But almost entirely tiny lep
20-12-2018,Dandi beach,Purse seine,Kanchan Mala,3,30,,,Malvan,Finfish,Purse seine,2000,,Swapnil Pahadkar,1000,17,Mixed fish,PS-201218-01,924,"Tuna, squid, kingfish (@700/kg)","Trash and total catch weight are estimates, may be inaccurate. Commercial catch ~35 crates, sold directly to centre. Owner: Sunil Tamankar"
20-12-2018,Dandi beach,Trawler,Hemavati,2,11,3,3,Vengurla,Shrimp,Chalu,203.5,23888,Unknown,28,17,1 crate mixed,,,,Trash fish quantity guessed! No sample taken
24-12-2018,Dandi beach,Trawler,Soumya,2,16,3.4,2.5,Zuva,Shrimp,Chalu,234.5,23867,Unknown,56,17,2 crates mixed,T-241218-01,796,,"Started sampling late, so composition, weights and income may have some error"
25-12-2018,Dandi beach,Trawler,Darya Sagar,3,16,,,Malvan,Finfish,Fish - Disco,421,48452,Swapnil Pahadkar,56,20,2 crates nemipterus,NS-251218-01,100,,Couldn't take a trash sample
25-12-2018,Dandi beach,Trawler,Darya Sagar,3,16,,,Malvan,Finfish,Fish - Disco,421,48452,Swapnil Pahadkar,84,18,3 crates alepes,NS-251218-02,100,,Many of the prices estimated!
02-01-2019,Dandi beach,Trawler,Hemavati,2,19.5,3,3,Malvan,Shrimp,Chalu,153,19587,Unknown,32,17,1 full crate mixed,T-020119-01,595,,Trash weight estimated
02-01-2019,Dandi beach,Trawler,Hemavati,2,19.5,3,3,Malvan,Shrimp,Chalu,153,19587,Unknown,7,20,1/5 crate nemipterus,T-020119-02,121,,
04-01-2019,Dandi beach,Trawler,Soumya,2,18.5,2.5,,Zuva,Shrimp,Chalu,134.3,14235,Unknown,6,17,1/5 crate mixed,T-040119-01,,,
04-01-2019,Dandi beach,Trawler,Soumya,2,18.5,2.5,,Zuva,Shrimp,Chalu,134.3,14235,Unknown,54,17,2 crates alepes,NS-040119-01,100,,"Not sampled, but almost entirely Alepes"
09-01-2019,Dandi beach,Trawler,Vishaka,4,19,3,3,Malvan,Finfish,Fish - Disco,326,22630,Unknown,,16,,,,,Trash fish?? 
17-01-2019,Dandi beach,Trawler,Kelbai,2,21,3,3,Malvan,Shrimp,Chalu,,,,,,,,,,
24-01-2019,Dandi beach,Trawler,Sateri,3,16,3,3,Malvan,Shrimp,Chalu,,,,,,,,,,
26-01-2019,Dandi beach,Trawler,Vaishnavi,1,25,2,3,Malvan,Shrimp,Chalu,,,,,,,,,,
28-01-2019,Dandi beach,Trawler,Mangal Moorthi,2,21,3,2,Zuva,Shrimp,Chalu,318.25,36267,Swapnil Pahadkar,31,17,1 crate mixed,T-280119-01,980,,
28-01-2019,Dandi beach,Trawler,Mangal Moorthi,2,21,3,2,Zuva,Shrimp,Chalu,318.25,36267,Swapnil Pahadkar,40,50,1.5 crates nemipterus,NS-280119-01,100,,
30-01-2019,Dandi beach,Trawler,Omkar2,2,20,3,3,Malvan,Shrimp,Chalu,118.5,16091,Swapnil Pahadkar,5,15,1/5 crate mixed,T-300119-01,642,,"Also some ribbonfish, but not counting it as trash. Didn't get the complete economic info, taking too long :("
30-01-2019,Dandi beach,Trawler,Omkar2,2,20,3,3,Malvan,Shrimp,Chalu,118.5,16091,Swapnil Pahadkar,5,40,1/5 crate Nemipterus,NS-300119-01,100,,
01-02-2019,Dandi beach,Trawler,Omkar2,2,12,3,3,Kavda,Shrimp,Chalu,,,Unknown,28,15,1 crate mixed,T-010219-01,854,,Didn't record commercial catch properly. So missing data. Randomly picked
05-02-2019,Dandi beach,Trawler,Kohinoor,3,20,3,3,Vengurla,Finfish,Fish - Disco,457.6,,Swapnil Pahadkar,32,15,,,,,LVB sample missed out :( Some of the prices estimated!
07-02-2019,Dandi beach,Trawler,Krantiveer,1,15,1,3,Malvan,Finfish,Fish - Disco,96.5,4652,Unknown,56,17,2 crates mixed,T-070219-01,766,,"Just one haul, came back early because of wind. Some prices estimated"
10-02-2019,Dandi beach,Trawler,Akash,1,12.5,2,,Malvan,Shrimp,Chalu,88.6,13430,None,0,,No LVB,,,,Randomly picked
11-02-2019,Dandi beach,Trawler,Soumya,2,15,3,,Malvan - Kavda,Shrimp,Chalu,180.7,21586,Swapnil Pahadkar,28,17,1 crate mixed,T-110219-01,903,,Some of the catch weights estimated.
11-02-2019,Dandi beach,Trawler,Soumya,2,15,3,,Malvan - Kavda,Shrimp,Chalu,180.7,21586,Swapnil Pahadkar,14,50,Half crate nemipterus,NS-110219-01,100,,
13-02-2019,Dandi beach,Trawler,Mansarovar,3,20,2,4.5,Malvan,Finfish,Fish - Disco,436.3,31785,Swapnil Pahadkar,196,15,7 crates mixed,T-130219-01,899,,
13-02-2019,Dandi beach,Trawler,Mansarovar,3,20,2,4.5,Malvan,Finfish,Fish - Disco,436.3,31785,Swapnil Pahadkar,14,40,1/2 crate nemipterus,NS-130219-01,100,,
19-02-2019,Dandi beach,Trawler,Audumbar,2,,3.5,3.5,Malvan,,,208,6625,Unknown,112,15,4 crates mixed,T-190219-01,298,,Sampled by Evan. Some prices estimated/averaged. Very little catch! Net type not sure
21-02-2019,Dandi beach,Trawler,Shri Ganesh,4,20,3,,Malvan,Finfish,Fish - Disco,396,27234,Ganesh Gaokar,224,16,7 crates mixed,T-210219-01,848,,Few initially sold items estimated. 
23-02-2019,Dandi beach,Trawler,Wagdai Prasann,2,18,,,Malvan,Shrimp,Chalu,,,Swapnil Pahadkar,23,15,1 crate mixed,T-230219-01,714,,Could not estimate total weight and prices
23-02-2019,Dandi beach,Trawler,Wagdai Prasann,2,18,,,Malvan,Shrimp,Chalu,,,Swapnil Pahadkar,14,,1/2 crate nemipterus,NS-230219-01,100,,
25-02-2019,Dandi beach,Trawler,Vittal Krupa,2,20,3,,Malvan,Shrimp,Chalu,178.4,,Swapnil Pahadkar,25,17,1 crate mixed,T-250219-01,916,,Could not estimate total income - didn't get prices for some items
25-02-2019,Dandi beach,Trawler,Vittal Krupa,2,20,3,,Malvan,Shrimp,Chalu,178.4,,Swapnil Pahadkar,14,50,1/2 crate nemipterus,NS-250219-01,100,,
27-02-2019,Dandi beach,Trawler,Dhanalakshmi3,1,,1,3,Malvan,Kaapshi,Chalu,129,10860,Unknown,20,17,3/4 crate mixed,T-270219-01,728,,"Cast a different net - targetting ""kaapshi"" - a different type of shrimp. Benthic net only, 32 no. Only 1 haul, close to shore? Depth not certain"
01-03-2019,Dandi beach,Trawler,Agastamuni,5,22,3,3,Vengurla,Finfish,Fish - Disco,,,Unknown,182,17,6.5 crates mixed,T-010319-01,606,,Couldn't get total catch composition and income - too much chaos!
04-03-2019,Dandi beach,Trawler,Kelbai,2,22.5,3,,Red,Shrimp,Chalu,209.8,,Swapnil Pahadkar,32,16,1 crate mixed,T-040319-01,863,,Couldn't get complete prices - because shrimp sent to the centre and price unknown
04-03-2019,Dandi beach,Trawler,Kelbai,2,22.5,3,,Red,Shrimp,Chalu,209.8,,Swapnil Pahadkar,25,60,1 crate Nemipterus,NS-040319-01,100,,
08-03-2019,Dandi beach,Trawler,Siddaprasad,3,30,,,Devgad,Finfish,Fish - Disco,128,6382,Bashir Ahmed,75,16,2+2/3 crate mixed,T-080319-01,884,,Got very little catch - because of high winds
08-03-2019,Dandi beach,Trawler,Siddaprasad,3,30,,,Devgad,Finfish,Fish - Disco,128,6382,Bashir Ahmed,2,16,Little ribbonfish,NS-080319-01,100,,Not sampled. Most likelie sold as trash
11-03-2019,Dandi beach,Trawler,Badrakali,2,18,2.5,,Aachra,Shrimp,Chalu,229.6,15541,Unknown,56,16,2 crates mixed,T-110319-01,806,,Says Disco net but was most probably chalu!
13-03-2019,Dandi beach,Trawler,Chintamani,1,20,3,3.25,Malvan,Shrimp,Chalu,213.2,12858,Unknown,28,16,1 crate mixed,T-130319-01,927,,
15-03-2019,Dandi beach,Trawler,Kohinoor,3,20,3,3,Vengurla,Finfish,Fish - Disco,222.75,15536,Unknown,56,16,2 crates mixed,T-150319-01,776,,Relatively less catch?
18-03-2019,Dandi beach,Trawler,Badrakali,2,18,2.5,,Aachra,Shrimp,Chalu,244,16141,Unknown,56,16,2 crates mixed,T-180319-01,877,,Very little shrimp!
21-03-2019,Dandi beach,Trawler,Nageshwar Prasad,,,,,,Finfish,Fish - Disco,163,,Unknown,56,16,2 crates mixed,T-210319-01,745,,Couldn't collect fishing data
23-03-2019,Dandi beach,Trawler,Arundaye,2,15,,,Devgad,Mixed,Mixed,344.8,,Unknown,140,15,5 crates mixed,T-230319-01,843,,Couldn't record prices - too many items! Very smelly catch
25-03-2019,Dandi beach,Trawler,Badrakali,2,12.5,3,,Malvan - Zuva,Shrimp,Chalu,135.2,10900,Swapnil Pahadkar,32,15,1 crate mixed,T-250319-01,842,,
25-03-2019,Dandi beach,Trawler,Badrakali,2,12.5,3,,Malvan - Zuva,Shrimp,Chalu,135.2,10900,Swapnil Pahadkar,21,50,3/4 crate nemipterus,NS-250319-01,100,,"Tried to sell fresh first, then went to trash"
29-03-2019,Dandi beach,Trawler,Gurudutt,3,11,3,3,Aachra,Finfish,Fish - Disco,990.5,,Unknown,672,16,24 crates trash,T-290319-01,767,,Adreeja
01-04-2019,Dandi beach,Trawler,Badrakali,2,15,3,,Vengurla,Shrimp,Chalu,,,Unknown,,,??,T-010419-01,846,,Didn't record commercial catch
04-04-2019,Dandi beach,Trawler,Mansarovar,3,15.5,3,3,Devgad,Shrimp,Chalu,314.3,12726,Unknown,196,16.5,7 crates trash,,,,No sample taken
04-04-2019,Dandi beach,Trawler,Mansarovar,3,15.5,3,3,Devgad,Shrimp,Chalu,314.3,12726,Unknown,28,16.5,1 crate moonfish,NS-040419-01,100,,No sample taken
08-04-2019,Dandi beach,Trawler,Dhanalakshmi,2,14,3,3,Aachra,Shrimp,Chalu,161.9,7821,Unknown,56,16,2 crates trash,,,,No sample taken
17-04-2019,Dandi beach,Trawler,Dhanalakshmi2,2,15.5,3,,Malvan,Shrimp,Chalu,180.5,14950,Unknown,56,16,2 crates trash,T-170419-01,577,,
19-04-2019,Dandi beach,Trawler,Vishaka,3,19,,,Devgad,Shrimp,Chalu,158.25,11910,Unknown,28,15,1 crate mixed,T-190419-01,797,,Very little catch!
26-04-2019,Dandi beach,Trawler,Badrakali,2,12,,,Vengurla,Shrimp,Chalu,164.75,20100,Unknown,56,15,2 crates mixed,T-260419-01,784,,
29-04-2019,Dandi beach,Trawler,Bahubali,5,9,5,,Ate,Finfish,Fish - Disco,84,40160,Unknown,30,12,1 crate mixed,,,,Didn't take Trash sample. Sold elsewhere - sent towards the warehouses directly? Sold at a lower rate! Very little catch
