Date,No..of.Boats.landed,Boat.name,Gear.Type,Fishing,Target,Net.Type,Fishing.Location,Fishing.Substrate,No..of.Days.fishing,No..of.Hauls,Average.Haul.Time..Hours.,Depth..wav.,Fishing.Trip.Start,Fishing.Trip.End,Catch.Composition,Net.Catch..kg.,Snakes.caught,Number,Remarks
07-01-2019,,Mangal Murati,Trawler,,Prawns,Benthic,Malvan,,2,3,3,15,06:00:00,17:30:00,,,Yes,2,Hooked nose
28-12-2017,,Santosh,GillNet,,,Pelagic,,,1,1,,12,02:00,06:00,,,,,
29-12-2017,,Shreepad Valab 01,Trawler,,Prawns/Solefish,,,,,3,2.5,13.5,06:03,17:20,,,,,
29-12-2017,,Shreepad Valab 01,Trawler,,Prawns/Solefish,,,,,3,2.5,13.5,06:03,17:20,,,,,
29-12-2017,,Shreepad Valab 01,Trawler,,Prawns/Solefish,,,,,3,2.5,13.5,06:03,17:20,,,,,
29-12-2017,,,GillNet,,,Pelagic,,,1,1,,NA,,,,,,,
31-12-2017,,Shreepad Valab 01,Trawler,,Prawns/Solefish,,,,,3,2.5,13.5,06:00,17:00,,,,,
31-12-2017,,Shreepad Valab 01,Trawler,,Prawns/Solefish,,,,,3,2.5,13.5,06:00,17:00,,,,,
31-12-2017,,Santosh,GillNet,,Indian Makerel,Pelagic,,,1,1,,12,17:00,21:30,,,,,
01-01-2018,,Narayan Munkar,GillNet,,Indian Oil Sardine,Pelagic,,,1,1,,12,17:00,21:00,,,,,
01-01-2018,,Narayan Munkar,GillNet,,Indian Oil Sardine,Pelagic,,,1,1,,12,17:00,21:00,,,,,
01-01-2018,,Santosh,GillNet,,,Pelagic,,,1,1,,12,17:00,20:00,,,,,
04-01-2018,,Shreepad Valab 01,Trawler,,Prawns/Solefish,,,,,3,2.5,16,06:00,17:00,,,,,
04-01-2018,,Gajanan Maharaj,Trawler,,Prawns,,,,,3,2.5,10,06:00,17:00,,,,,
04-01-2018,,Shreepad Valab 01,Trawler,,Prawns/Solefish,,,,,3,2.5,16,06:00,17:00,,,,,
04-01-2018,,Shreepad Valab 01,Trawler,,Prawns/Solefish,,,,,3,2.5,16,06:00,17:00,,,,,
04-01-2018,,Shreepad Valab 01,Trawler,,Prawns/Solefish,,,,,3,2.5,16,06:00,17:00,,,,,
04-01-2018,,Shreepad Valab 01,Trawler,,Prawns/Solefish,,,,,3,2.5,16,06:00,17:00,,,,,
04-01-2018,,Shreepad Valab 01,Trawler,,Prawns/Solefish,,,,,3,2.5,16,06:00,17:00,,,,,
04-01-2018,,Shreepad Valab 01,Trawler,,Prawns/Solefish,,,,,3,2.5,16,06:00,17:00,,,,,
04-01-2018,,Gajanan Maharaj,Trawler,,Prawns,,,,,3,2.5,10,06:00,17:00,,,,,
04-01-2018,,Gajanan Maharaj,Trawler,,Prawns,,,,,3,2.5,10,06:00,17:00,,,,,
04-01-2018,,Gajanan Maharaj,Trawler,,Prawns,,,,,3,2.5,10,06:00,17:00,,,,,
04-01-2018,,Gajanan Maharaj,Trawler,,Prawns,,,,,3,2.5,10,06:00,17:00,,,,,
04-01-2018,,Shreepad Valab 01,Trawler,,Prawns/Solefish,,,,,3,2.5,16,06:00,17:00,,,,,
04-01-2018,,Shreepad Valab 01,Trawler,,Prawns/Solefish,,,,,3,2.5,16,06:00,17:00,,,,,
04-01-2018,,Jal Prabha 06,GillNet,,,Pelagic,,,1,1,,10,04:00,08:00,,,,,
05-01-2018,,Jal Prabha 06,GillNet,,,Pelagic,,,1,1,,10,05:45,07:00,,,,,
05-01-2018,,Jal Prabha 06,GillNet,,,Pelagic,,,1,1,,10,05:45,07:00,,,,,
05-01-2018,,Heramb 3,GillNet,,,Pelagic,,,1,1,,10,04:00,07:30,,,,,
06-01-2018,,Swamini,GillNet,,,Pelagic,,,1,1,,8,05:00,08:30,,,,,
08-01-2018,,Sai Krupa,GillNet,,Indian Makerel/Indian Oil Sardine,Pelagic,,,1,1,,7.5,01:00,07:00,,,,,
08-01-2018,,Durga Prasad,GillNet,,Indian Makerel,Pelagic,,,1,1,,8,05:00,07:30,,,,,
09-01-2018,,Shreepad Valab 01,Trawler,,Prawns/Solefish,,,,,3,2.5,20,,17:00,,,,,
09-01-2018,,Durga Prasad,GillNet,,Indian Makerel/Indian Oil Sardine,Pelagic,,,1,1,,7,05:00,08:00,,,,,
09-01-2018,,Prashant Jhadav,GillNet,,Sondala,Pelagic,,,1,1,,5,04:00,08:00,,,,,
10-01-2018,,Gajanth Laxmi,Trawler,,Prawns,,,,,3,2,30,05:00,17:00,,,,,
10-01-2018,,Gajanth Laxmi,Trawler,,Prawns,,,,,3,2,30,05:00,17:00,,,,,
11-01-2018,,Shreepad Valab 01,Trawler,,Prawns/Solefish,,,,,3,2.5,20,06:00,17:00,,,,,
11-01-2018,,Shreepad Valab 01,Trawler,,Prawns/Solefish,,,,,3,2.5,20,06:00,17:00,,,,,
12-01-2018,,Yeshawanti,GillNet,,Indian Makerel/Indian Oil Sardine,Pelagic,,,1,1,,8,03:00,08:15,,,,,
12-01-2018,,Krushnai 6,GillNet,,,Pelagic,,,1,1,,7,05:00,08:00,,,,,
12-01-2018,,Prashant Salgaonkar,GillNet,,,Pelagic,,,1,1,,4.5,04:00,08:00,,,,,
12-01-2018,,Prashant Salgaonkar,GillNet,,,Pelagic,,,1,1,,4.5,04:00,08:00,,,,,
16-01-2018,,Om Namashivay 2,GillNet,,,Pelagic,,,1,1,,2,04:30,06:30,,,,,
16-01-2018,,Shanta Durga,GillNet,,,Pelagic,,,1,1,,NA,,,,,,,
16-01-2018,,Mahalaxmi,GillNet,,,Pelagic,,,1,1,,4.5,03:00,06:30,,,,,
16-01-2018,,Santosh,GillNet,,,Pelagic,,,1,1,,7.5,04:00,08:15,,,,,
17-01-2018,,Shreepad Valab 01,Trawler,,Prawns,,,,,3,2.5,11,06:00,17:00,,,,,
17-01-2018,,Om Namashivay 2,GillNet,,,Pelagic,,,1,1,,2,04:30,06:30,,,,,
17-01-2018,,Sudhikrupa,GillNet,,,Pelagic,,,1,1,,9,06:00,08:30,,,,,
17-01-2018,,Mahalaxmi,GillNet,,,Pelagic,,,1,1,,3,03:00,07:00,,,,,
17-01-2018,,Krushnai 6,GillNet,,,Pelagic,,,1,1,,5,04:00,07:00,,,,,
17-01-2018,,Chavandeshwari,GillNet,,,Pelagic,,,1,1,,4,05:00,07:00,,,,,
18-01-2018,,Bhadrakali,GillNet,,Lizard Fish,Pelagic,,,1,1,,4,03:00,06:30,,,,,
18-01-2018,,Durgadevi,GillNet,,Indian Oil Sardine,Pelagic,,,1,1,,6,04:00,08:00,,,,,
18-01-2018,,Jizani,GillNet,,Indian Oil Sardine,Pelagic,,,1,1,,5,04:00,07:30,,,,,
18-01-2018,,Shravani,GillNet,,,Pelagic,,,1,1,,6.5,04:00,09:00,,,,,
18-01-2018,,Pavnaidatt,GillNet,,,Pelagic,,,1,1,,2,18:00,21:00,,,,,
18-01-2018,,Pavnaidatt,GillNet,,,Pelagic,,,1,1,,2,18:00,21:00,,,,,
19-01-2018,,Yakshini Prasann,GillNet,,,Pelagic,,,1,1,,4,04:00,07:00,,,,,
20-01-2018,,Heramb 3,GillNet,,,Pelagic,,,1,1,,5.5,03:00,07:00,,,,,
20-01-2018,,Jayvanti 3,GillNet,,,Pelagic,,,1,1,,3,04:00,06:30,,,,,
20-01-2018,,Pavnaidatt,GillNet,,,Pelagic,,,1,1,,7,18:00,21:00,,,,,
20-01-2018,,Pavnai Prasad,GillNet,,,Pelagic,,,1,1,,3.5,04:00,08:30,,,,,
20-01-2018,,Devki Krishna,GillNet,,,Pelagic,,,1,1,,2.5,03:30,07:00,,,,,
20-01-2018,,Pavnai Prasad,GillNet,,,Pelagic,,,1,1,,3.5,04:00,07:00,,,,,
20-01-2018,,Moreshwar Krupa,GillNet,,,Pelagic,,,1,1,,4,02:00,06:00,,,,,
20-01-2018,,Jizali,GillNet,,,Pelagic,,,1,1,,4,03:00,07:30,,,,,
20-01-2018,,Yakshini Prasann,GillNet,,,Pelagic,,,1,1,,4.5,03:00,07:00,,,,,
20-01-2018,,Yakshini Prasann,GillNet,,,Pelagic,,,1,1,,4.5,03:00,07:00,,,,,
20-01-2018,,Swamini,GillNet,,,Pelagic,,,1,1,,3.5,03:00,06:30,,,,,
20-01-2018,,Laxmi Khalnath 2,GillNet,,,Pelagic,,,1,1,,3,03:30,06:00,,,,,
20-01-2018,,Santosh,GillNet,,Indian Oil Sardine,Pelagic,,,1,1,,7,03:00,07:30,,,,,
21-01-2018,,Lakshmi,GillNet,,,Pelagic,,,1,1,,6,04:00,07:00,,,,,
21-01-2018,,Vaisharano,GillNet,,,Pelagic,,,1,1,,10,03:00,05:30,,,,,
21-01-2018,,IND/MH/5/MM/1422,GillNet,,,Pelagic,,,1,1,,6,04:00,07:30,,,,,
21-01-2018,,Mahalaxmi,GillNet,,,Pelagic,,,1,1,,5.5,02:00,04:00,,,,,
21-01-2018,,Pushpanjali,GillNet,,,Pelagic,,,1,1,,10,05:00,07:00,,,,,
21-01-2018,,Jal ganga,GillNet,,,Pelagic,,,1,1,,2,03:00,07:00,,,,,
21-01-2018,,Jayvanti 3,GillNet,,,Pelagic,,,1,1,,10,05:00,07:00,,,,,
21-01-2018,,Bagyashree,GillNet,,,Pelagic,,,1,1,,7,04:00,07:00,,,,,
21-01-2018,,Ganesh Krupa,GillNet,,,Pelagic,,,1,1,,7,04:00,07:00,,,,,
21-01-2018,,Sarpanch,GillNet,,,Pelagic,,,1,1,,6,17:00,21:00,,,,,
21-01-2018,,Pushpanjali,GillNet,,,Pelagic,,,1,1,,10,02:00,04:00,,,,,
21-01-2018,,Santosh,GillNet,,,Pelagic,,,1,1,,8.5,03:00,07:30,,,,,
22-01-2018,,Durga Prasad,GillNet,,Indian Makerel/Indian Oil Sardine,Pelagic,,,1,1,,4.5,03:00,07:30,,,,,
22-01-2018,,Someshwar,GillNet,,,Pelagic,,,1,1,,7,03:00,07:00,,,,,
22-01-2018,,Pushpanjali,GillNet,,,Pelagic,,,1,1,,4.5,02:00,06:00,,,,,
22-01-2018,,Chintamani,GillNet,,,Pelagic,,,1,1,,4,03:30,05:30,,,,,
22-01-2018,,Swamini,GillNet,,,Pelagic,,,1,1,,6,03:00,07:00,,,,,
23-01-2018,,Swami Samarth,GillNet,,,Pelagic,,,1,1,,8,02:00,06:00,,,,,
23-01-2018,,Shree Mahalaxmi Prasad,GillNet,,,Pelagic,,,1,1,,7,03:00,06:20,,,,,
23-01-2018,,Parmai,GillNet,,,Pelagic,,,1,1,,2,02:00,05:00,,,,,
23-01-2018,,Krushnai,GillNet,,,Pelagic,,,1,1,,8,04:00,07:00,,,,,
23-01-2018,,Krushnai,GillNet,,,Pelagic,,,1,1,,8,04:00,07:00,,,,,
23-01-2018,,Harsha Kamya`,GillNet,,,Pelagic,,,1,1,,4,05:00,07:30,,,,,
24-01-2018,,Morjai Prasann,GillNet,,,Pelagic,,,1,1,,7,01:00,05:00,,,,,
24-01-2018,,Dirba,GillNet,,,Pelagic,,,1,1,,5,01:00,06:00,,,,,
24-01-2018,,Parki Krishna,GillNet,,,Pelagic,,,1,1,,2,02:00,07:00,,,,,
25-01-2018,,Divakar Prasad,GillNet,,,Pelagic,,,1,1,,2.5,05:00,07:45,,,,,
26-01-2018,,Devikrupa,GillNet,,,Pelagic,,,1,1,,2,03:00,06:00,,,,,
26-01-2018,,Suryanarayan,GillNet,,,Pelagic,,,1,1,,5,04:00,07:00,,,,,
27-01-2018,,Shanta Durga,GillNet,,,Pelagic,,,1,1,0.5,3,04:00,07:30,,,,,
27-01-2018,,Prajakta,GillNet,,,Pelagic,,,1,1,0.33,10,05:30,08:00,,,,,
27-01-2018,,Adiravti,GillNet,,,Pelagic,,,1,1,1,4,03:00,06:00,,,,,
27-01-2018,,Rameshwar Krupa,GillNet,,,Pelagic,,,1,1,1,5,03:00,07:00,,,,,
27-01-2018,,Pursai Prasann,GillNet,,,Pelagic,,,1,1,0.5,7.5,04:00,07:30,,,,,
27-01-2018,,Vetoba Prasann,GillNet,,,Pelagic,,,1,1,0.25,4.5,02:00,05:00,,,,,
27-01-2018,,Adiravti,GillNet,,,Pelagic,,,1,1,1,4,03:00,06:00,,,,,
28-01-2018,,Shreepad Valab 01,Trawler,,Prawns,,,,,2,2.75,16,06:00,17:00,,,,,
28-01-2018,,Shreepad Valab 01,Trawler,,Prawns,,,,,2,2.75,16,06:00,17:00,,,,,
28-01-2018,,Shreepad Valab 01,Trawler,,Prawns,,,,,2,2.75,16,06:00,17:00,,,,,
28-01-2018,,,GillNet,,,Pelagic,,,1,1,,NA,,,,,,,
28-01-2018,,,GillNet,,,Pelagic,,,1,1,,NA,,,,,,,
28-01-2018,,,GillNet,,,Pelagic,,,1,1,,NA,,,,,,,
31-01-2018,,Mesth Rampan Sangh,Rampan,,Unspecific,,,,1,1,8,2.5,22:00,06:00,,,,,
02-02-2018,,Yashodha,GillNet,,Indian Oil Sardine,Pelagic,,,1,1,0.333333333,6,00:30,06:30,,,,,
02-02-2018,,Yashodha,GillNet,,Indian Oil Sardine,Pelagic,,,1,1,0.333333333,6,00:30,06:30,,,,,
02-02-2018,,Wairi Rampan Sangh,Rampan,,Unspecific,,,,1,1,,7,19:00,07:00,,,,,
02-02-2018,,Yashodha,GillNet,,Indian Oil Sardine,Pelagic,,,1,1,0.333333333,6,00:30,06:30,,,,,
02-02-2018,,Heramb,GillNet,,,Pelagic,,,1,1,2,6.5,03:00,08:30,,,,,
02-02-2018,,Heramb,GillNet,,,Pelagic,,,1,1,2,6.5,03:00,08:30,,,,,
03-02-2018,,Gajanth Laxmi,Trawler,,Prawns,,,,,4,3,24,,,,,,,
03-02-2018,,Gajanth Laxmi,Trawler,,Prawns,,,,,4,3,24,,,,,,,
03-02-2018,,Gajanth Laxmi,Trawler,,Prawns,,,,,4,3,24,,,,,,,
03-02-2018,,Gajanth Laxmi,Trawler,,Prawns,,,,,4,3,24,,,,,,,
03-02-2018,,Gajanth Laxmi,Trawler,,Prawns,,,,,4,3,24,,,,,,,
03-02-2018,,Gajanth Laxmi,Trawler,,Prawns,,,,,4,3,24,,,,,,,
03-02-2018,,Gajanth Laxmi,Trawler,,Prawns,,,,,4,3,24,,,,,,,
03-02-2018,,Gajanth Laxmi,Trawler,,Prawns,,,,,4,3,24,,,,,,,
03-02-2018,,Gajanth Laxmi,Trawler,,Prawns,,,,,4,3,24,,,,,,,
03-02-2018,,Gajanth Laxmi,Trawler,,Prawns,,,,,4,3,24,,,,,,,
03-02-2018,,Gajanth Laxmi,Trawler,,Prawns,,,,,4,3,24,,,,,,,
03-02-2018,,Gajanth Laxmi,Trawler,,Prawns,,,,,4,3,24,,,,,,,
03-02-2018,,Jal ganga,GillNet,,,Pelagic,,,1,1,1,4,19:00,21:00,,,,,
03-02-2018,,Yashodha,GillNet,,,Pelagic,,,1,1,0.166666667,5,02:00,08:00,,,,,
03-02-2018,,Lakshmi Ravalnath 2,GillNet,,,Pelagic,,,1,1,0.5,7,02:00,06:30,,,,,
04-02-2018,,Om Namashivay 2,GillNet,,,Pelagic,,,1,1,1.75,8,02:00,06:30,,,,,
04-02-2018,,Jal ganga,GillNet,,,Pelagic,,,1,1,0.5,5,00:00,06:00,,,,,
04-02-2018,,Jal ganga,GillNet,,,Pelagic,,,1,1,0.5,5,00:00,06:00,,,,,
04-02-2018,,Jal ganga,GillNet,,,Pelagic,,,1,1,0.5,5,00:00,06:00,,,,,
04-02-2018,,Balchandra,GillNet,,,Pelagic,,,1,1,0.5,7,02:00,07:30,,,,,
06-02-2018,,Gajanth Laxmi,Trawler,,Prawns,,,,,3,3,25,06:00,17:00,,,,,
06-02-2018,,Gajanth Laxmi,Trawler,,Prawns,,,,,3,3,25,06:00,17:00,,,,,
06-02-2018,,Gajanth Laxmi,Trawler,,Prawns,,,,,3,3,25,06:00,17:00,,,,,
06-02-2018,,Vedoba Darsantu 2,GillNet,,,Pelagic,,,1,1,0.25,4,03:00,06:00,,,,,
06-02-2018,,Ratnadurga,GillNet,,Indian Oil Sardine,Benthic,,,1,1,,2,15:00,20:00,,,,,
06-02-2018,,Ratnadurga,GillNet,,Indian Oil Sardine,Pelagic,,,1,1,,2,15:00,20:00,,,,,
07-02-2018,,Shreepad Valab 01,Trawler,,Prawns,,,,,3,2.75,9,06:00,17:00,,,,,
07-02-2018,,Shreepad Valab 01,Trawler,,Prawns,,,,,3,2.75,9,06:00,17:00,,,,,
07-02-2018,,Gajanth Laxmi,Trawler,,Prawns,,,,,4,2.5,20,04:00,17:00,,,,,
07-02-2018,,Gajanth Laxmi,Trawler,,Prawns,,,,,4,2.5,20,04:00,17:00,,,,,
07-02-2018,,Mesth Rampan Sangh,Rampan,,Unspecific,,,,1,1,14,3.5,17:00,07:00,,,,,
07-02-2018,,Mother Mary,GillNet,,,,,,1,1,1,14,14:00,18:00,,,,,
07-02-2018,,Jal ganga,GillNet,,Indian Oil Sardine,Pelagic,,,1,1,1,7,03:00,07:00,,,,,
08-02-2018,,Mahapurush Krupa,GillNet,,,Benthic,,,1,1,2,13,16:00,21:00,,,,,
08-02-2018,,Khaireshwar Krupa,GillNet,,,Benthic,,,1,1,0.33,14,05:00,09:00,,,,,
08-02-2018,,Balaji Prasann,GillNet,,,Benthic,,,1,1,,11.5,14:00,17:30,,,,,
08-02-2018,,Balaji Prasann,GillNet,,,Benthic,,,1,1,,11.5,14:00,17:30,,,,,
09-02-2018,,Gajanth Laxmi,Trawler,,Prawns,Benthic,,,,2,3.5,6,05:00,13:30,,,,,
09-02-2018,,Gajanth Laxmi,Trawler,,Prawns,Benthic,,,,2,3.5,6,05:00,13:30,,,,,
09-02-2018,,Gajanth Laxmi,Trawler,,Prawns,Benthic,,,,2,3.5,6,05:00,13:30,,,,,
09-02-2018,,Gajanth Laxmi,Trawler,,Prawns,Benthic,,,,2,3.5,6,05:00,13:30,,,,,
09-02-2018,,Gajanth Laxmi,Trawler,,Prawns,Benthic,,,,2,3.5,6,05:00,13:30,,,,,
09-02-2018,,Gajanth Laxmi,Trawler,,Prawns,Benthic,,,,2,3.5,6,05:00,13:30,,,,,
09-02-2018,,Gajanth Laxmi,Trawler,,Prawns,Benthic,,,,2,3.5,6,05:00,13:30,,,,,
09-02-2018,,Gajanth Laxmi,Trawler,,Prawns,Benthic,,,,2,3.5,6,05:00,13:30,,,,,
09-02-2018,,Gajanth Laxmi,Trawler,,Prawns,Benthic,,,,2,3.5,6,05:00,13:30,,,,,
09-02-2018,,Gajanth Laxmi,Trawler,,Prawns,Benthic,,,,2,3.5,6,05:00,13:30,,,,,
09-02-2018,,Gajanth Laxmi,Trawler,,Prawns,Benthic,,,,2,3.5,6,05:00,13:30,,,,,
09-02-2018,,Gajanth Laxmi,Trawler,,Prawns,Benthic,,,,2,3.5,6,05:00,13:30,,,,,
09-02-2018,,Gajanth Laxmi,Trawler,,Prawns,Benthic,,,,2,3.5,6,05:00,13:30,,,,,
09-02-2018,,Gajanth Laxmi,Trawler,,Prawns,Benthic,,,,2,3.5,6,05:00,13:30,,,,,
09-02-2018,,Gajanth Laxmi,Trawler,,Prawns,Benthic,,,,2,3.5,6,05:00,13:30,,,,,
09-02-2018,,Gajanth Laxmi,Trawler,,Prawns,Benthic,,,,2,3.5,6,05:00,13:30,,,,,
09-02-2018,,Gajanth Laxmi,Trawler,,Prawns,Benthic,,,,2,3.5,6,05:00,13:30,,,,,
09-02-2018,,Gajanth Laxmi,Trawler,,Prawns,Benthic,,,,2,3.5,6,05:00,13:30,,,,,
09-02-2018,,Gajanth Laxmi,Trawler,,Prawns,Benthic,,,,2,3.5,6,05:00,13:30,,,,,
09-02-2018,,Jal ganga,GillNet,,Indian Makerel,,,,1,1,0.33,2,03:00,06:30,,,,,
09-02-2018,,Indrayani,GillNet,,,Benthic,,,1,1,2.25,16,04:00,08:00,,,,,
09-02-2018,,Gajanth Laxmi,Trawler,,Prawns,Benthic,,,,2,3.5,6,05:00,13:30,,,,,
09-02-2018,,Gajanth Laxmi,Trawler,,Prawns,Benthic,,,,2,3.5,6,05:00,13:30,,,,,
09-02-2018,,Gajanth Laxmi,Trawler,,Prawns,Benthic,,,,2,3.5,6,05:00,13:30,,,,,
09-02-2018,,Gajanth Laxmi,Trawler,,Prawns,Benthic,,,,2,3.5,6,05:00,13:30,,,,,
09-02-2018,,Lalita,GillNet,,,Benthic,,,1,1,1,15,14:00,18:00,,,,,
11-02-2018,,Sateri Krupa,GillNet,,,Benthic,,,1,1,0.75,14,13:00,17:30,,,,,
11-02-2018,,Shravani,GillNet,,,Benthic,,,1,1,0.33,14,13:00,17:30,,,,,
12-02-2018,,Gajanth Laxmi,Trawler,,Prawns,,,,,2,2.33,4,06:00,16:00,,,,,
12-02-2018,,Gajanth Laxmi,Trawler,,Prawns,,,,,2,2.33,4,06:00,16:00,,,,,
12-02-2018,,Gajanth Laxmi,Trawler,,Prawns,,,,,2,2.33,4,06:00,16:00,,,,,
12-02-2018,,Gajanth Laxmi,Trawler,,Prawns,,,,,2,2.33,4,06:00,16:00,,,,,
12-02-2018,,Gajanth Laxmi,Trawler,,Prawns,,,,,2,2.33,4,06:00,16:00,,,,,
12-02-2018,,Gajanth Laxmi,Trawler,,Prawns,,,,,2,2.33,4,06:00,16:00,,,,,
12-02-2018,,Gajanth Laxmi,Trawler,,Prawns,,,,,2,2.33,4,06:00,16:00,,,,,
12-02-2018,,Gajanth Laxmi,Trawler,,Prawns,,,,,2,2.33,4,06:00,16:00,,,,,
12-02-2018,,Gajanth Laxmi,Trawler,,Prawns,,,,,2,2.33,4,06:00,16:00,,,,,
12-02-2018,,Gajanth Laxmi,Trawler,,Prawns,,,,,2,2.33,4,06:00,16:00,,,,,
12-02-2018,,Gajanth Laxmi,Trawler,,Prawns,,,,,2,2.33,4,06:00,16:00,,,,,
12-02-2018,,Gajanth Laxmi,Trawler,,Prawns,,,,,2,2.33,4,06:00,16:00,,,,,
12-02-2018,,Gajanth Laxmi,Trawler,,Prawns,,,,,2,2.33,4,06:00,16:00,,,,,
12-02-2018,,Gajanth Laxmi,Trawler,,Prawns,,,,,2,2.33,4,06:00,16:00,,,,,
12-02-2018,,Gajanth Laxmi,Trawler,,Prawns,,,,,2,2.33,4,06:00,16:00,,,,,
12-02-2018,,Gajanth Laxmi,Trawler,,Prawns,,,,,2,2.33,4,06:00,16:00,,,,,
12-02-2018,,Gajanth Laxmi,Trawler,,Prawns,,,,,2,2.33,4,06:00,16:00,,,,,
12-02-2018,,Gajanth Laxmi,Trawler,,Prawns,,,,,2,2.33,4,06:00,16:00,,,,,
12-02-2018,,Gajanth Laxmi,Trawler,,Prawns,,,,,2,2.33,4,06:00,16:00,,,,,
12-02-2018,,Gajanth Laxmi,Trawler,,Prawns,,,,,2,2.33,4,06:00,16:00,,,,,
12-02-2018,,Gajanth Laxmi,Trawler,,Prawns,,,,,2,2.33,4,06:00,16:00,,,,,
12-02-2018,,Gajanth Laxmi,Trawler,,Prawns,,,,,2,2.33,4,06:00,16:00,,,,,
12-02-2018,,Gajanth Laxmi,Trawler,,Prawns,,,,,2,2.33,4,06:00,16:00,,,,,
12-02-2018,,Gajanth Laxmi,Trawler,,Prawns,,,,,2,2.33,4,06:00,16:00,,,,,
12-02-2018,,Gajanth Laxmi,Trawler,,Prawns,,,,,2,2.33,4,06:00,16:00,,,,,
12-02-2018,,Gajanth Laxmi,Trawler,,Prawns,,,,,2,2.33,4,06:00,16:00,,,,,
12-02-2018,,Gajanth Laxmi,Trawler,,Prawns,,,,,2,2.33,4,06:00,16:00,,,,,
12-02-2018,,Gajanth Laxmi,Trawler,,Prawns,,,,,2,2.33,4,06:00,16:00,,,,,
12-02-2018,,Gajanth Laxmi,Trawler,,Prawns,,,,,2,2.33,4,06:00,16:00,,,,,
12-02-2018,,Gajanth Laxmi,Trawler,,Prawns,,,,,2,2.33,4,06:00,16:00,,,,,
17-02-2018,,Wagheshwari,GillNet,,,Benthic,,,1,1,2,5,03:00,06:00,,,,,
17-02-2018,,Ratnadurga,GillNet,,Indian Oil Sardine,,,,1,1,0.5,8,04:00,07:30,,,,,
17-02-2018,,Ratnadurga,GillNet,,Indian Oil Sardine,,,,1,1,0.5,8,04:00,07:30,,,,,
17-02-2018,,Yakshini Prasann,GillNet,,,Benthic,,,1,1,2,14,10:00,15:00,,,,,
18-02-2018,,Vetoba Prasanna,GillNet,,,Benthic,,,1,1,,13,12:00,16:00,,,,,
19-02-2018,,Shravani,GillNet,,,Benthic,,,1,1,0.5,14,14:00,18:00,,,,,
19-02-2018,,Shravani,GillNet,,,Benthic,,,1,1,0.5,14,14:00,18:00,,,,,
19-02-2018,,Laxmi Narayan,GillNet,,,Benthic,,,1,1,1,15,12:30,18:00,,,,,
21-02-2018,,Wairy Rampan Sangh,Rampan,,Indian Makerel,,,,1,1,12,3.5,18:30,06:30,,,,,
21-02-2018,,Shree Adishakti,GillNet,,,Benthic,,,1,1,1,13,04:30,10:00,,,,,
21-02-2018,,Vetoba Prasanna,GillNet,,,Benthic,,,1,1,1,14,13:00,18:15,,,,,
22-02-2018,,Durgadevi,GillNet,,,Benthic,,,1,1,0.75,13,11:00,18:15,,,,,
22-02-2018,,Ganesh Krupa,GillNet,,,Benthic,,,1,1,0.75,13,13:00,17:30,,,,,
22-02-2018,,Jai Moreshwar,GillNet,,,Benthic,,,1,1,0.75,12,13:00,17:00,,,,,
22-02-2018,,Fursai devi,GillNet,,,Benthic,,,1,1,1,12.5,13:00,18:30,,,,,
22-02-2018,,Harshala,GillNet,,,Benthic,,,1,1,1,14,12:00,18:00,,,,,
22-02-2018,,Harshala,GillNet,,,Benthic,,,1,1,1,14,12:00,18:00,,,,,
22-02-2018,,,GillNet,,,Benthic,,,1,1,1,13.5,13:00,18:00,,,,,
22-02-2018,,,GillNet,,,Benthic,,,1,1,1,13.5,13:00,18:00,,,,,
23-02-2018,,Devdarshan,GillNet,,,Benthic,,,1,1,2,13,14:00,17:30,,,,,
23-02-2018,,Heramb,GillNet,,,Benthic,,,1,1,0.5,14,13:00,18:00,,,,,
23-02-2018,,Jizai,GillNet,,,Benthic,,,1,1,0.5,17,13:00,18:45,,,,,
24-02-2018,,Vaibhav Laxmi,GillNet,,,Benthic,,,1,1,1,13,14:00,18:00,,,,,
24-02-2018,,Vaibhav Laxmi,GillNet,,,Benthic,,,1,1,1,13,14:00,18:00,,,,,
24-02-2018,,Jizai,GillNet,,,Benthic,,,1,1,0.75,8.5,12:30,16:30,,,,,
25-02-2018,,Vetoba Prasanna,GillNet,,,Benthic,,,1,1,0.5,12,13:00,18:30,,,,,
26-02-2018,,Darbadevi,GillNet,,,Benthic,,,1,1,0.5,12,13:00,17:00,,,,,
26-02-2018,,Prathamesh,GillNet,,,Pelagic,,,1,1,1,3,04:00,07:00,,,,,
01-03-2018,,Taraka,GillNet,,,Benthic,,,1,1,0.75,8,05:00,07:30,,,,,
01-03-2018,,Taraka,GillNet,,,Benthic,,,1,1,0.75,8,05:00,07:30,,,,,
03-03-2018,,Wagheshwari,GillNet,,,Benthic,,,1,1,0.5,5,04:00,07:00,,,,,
03-03-2018,,Santosh,GillNet,,,Benthopelagic,,,1,1,3,13,17:30,20:15,,,,,
03-03-2018,,Kalika,GillNet,,,Benthic,,,1,1,1,11,05:00,10:00,,,,,
05-03-2018,,Gajanth Laxmi,Trawler,,Prawns,Benthic,Tondavali,,,3,2.5,6,06:00,16:30,,,,,
05-03-2018,,Gajanth Laxmi,Trawler,,Prawns,Benthic,Tondavali,,,3,2.5,6,06:00,16:30,,,,,
05-03-2018,,Gajanth Laxmi,Trawler,,Prawns,Benthic,Tondavali,,,3,2.5,6,06:00,16:30,,,,,
05-03-2018,,Gajanth Laxmi,Trawler,,Prawns,Benthic,Tondavali,,,3,2.5,6,06:00,16:30,,,,,
05-03-2018,,Gajanth Laxmi,Trawler,,Prawns,Benthic,Tondavali,,,3,2.5,6,06:00,16:30,,,,,
05-03-2018,,Gajanth Laxmi,Trawler,,Prawns,Benthic,Tondavali,,,3,2.5,6,06:00,16:30,,,,,
05-03-2018,,Gajanth Laxmi,Trawler,,Prawns,Benthic,Tondavali,,,3,2.5,6,06:00,16:30,,,,,
05-03-2018,,Gajanth Laxmi,Trawler,,Prawns,Benthic,Tondavali,,,3,2.5,6,06:00,16:30,,,,,
05-03-2018,,Gajanth Laxmi,Trawler,,Prawns,Benthic,Tondavali,,,3,2.5,6,06:00,16:30,,,,,
07-03-2018,,Gajanth Laxmi,Trawler,,Prawns,Benthic,Tondavali,,,2,3,8,06:00,13:00,,500,,,
07-03-2018,,Gajanth Laxmi,Trawler,,Prawns,Benthic,Tondavali,,,2,3,8,06:00,13:00,,500,,,
07-03-2018,,Gajanth Laxmi,Trawler,,Prawns,Benthic,Tondavali,,,2,3,8,06:00,13:00,,500,,,
07-03-2018,,Gajanth Laxmi,Trawler,,Prawns,Benthic,Tondavali,,,2,3,8,06:00,13:00,,500,,,
07-03-2018,,Gajanth Laxmi,Trawler,,Prawns,Benthic,Tondavali,,,2,3,8,06:00,13:00,,500,,,
07-03-2018,,Gajanth Laxmi,Trawler,,Prawns,Benthic,Tondavali,,,2,3,8,06:00,13:00,,500,,,
07-03-2018,,Gajanth Laxmi,Trawler,,Prawns,Benthic,Tondavali,,,2,3,8,06:00,13:00,,500,,,
07-03-2018,,Gajanth Laxmi,Trawler,,Prawns,Benthic,Tondavali,,,2,3,8,06:00,13:00,,500,,,
09-03-2018,,Ganesh Krupa 20,GillNet,,Indian Makerel,Benthopelagic,Malvan,,1,1,1,10,17:00,21:00,,,,,
09-03-2018,,Jal Prabha 06,GillNet,,,Benthic,Tarkarli,,1,1,2,6,04:00,07:30,,,,,
09-03-2018,,Jal Prabha 06,GillNet,,,Benthic,Tarkarli,,1,1,2,6,04:00,07:30,,,,,
09-03-2018,,Jal Prabha 06,GillNet,,,Benthic,Tarkarli,,1,1,2,6,04:00,07:30,,,,,
09-03-2018,,Jal Prabha 06,GillNet,,,Benthic,Tarkarli,,1,1,2,6,04:00,07:30,,,,,
09-03-2018,,Jal Prabha 06,GillNet,,,Benthic,Tarkarli,,1,1,2,6,04:00,07:30,,,,,
09-03-2018,,Chitralekha,GillNet,,,,Malvan,,1,1,,NA,,,,,,,
09-03-2018,,Shree Kunkeshwar Prasann,GillNet,,Indian Makerel,Benthopelagic,Malvan,,1,1,2,10,14:00,18:30,,,,,
09-03-2018,,Ganesh Krupa,GillNet,,,Benthic,Malvan,,1,1,0.5,11,13:00,18:00,,,,,
09-03-2018,,Shree Krupa,GillNet,,,Benthic,Malvan,,1,1,0.75,11,14:00,18:00,,,,,
09-03-2018,,Durgadevi,GillNet,,,Benthic,Malvan,,1,1,0.33,8,14:00,18:00,,,,,
09-03-2018,,Taraka,GillNet,,,Benthic,Achara,,1,1,1,9,13:15,19:00,,,,,
09-03-2018,,Taraka,GillNet,,,Benthic,Achara,,1,1,1,9,13:15,19:00,,,,,
09-03-2018,,Taraka,GillNet,,,Benthic,Achara,,1,1,1,9,13:15,19:00,,,,,
09-03-2018,,Taraka,GillNet,,,Benthic,Achara,,1,1,1,9,13:15,19:00,,,,,
09-03-2018,,Taraka,GillNet,,,Benthic,Achara,,1,1,1,9,13:15,19:00,,,,,
09-03-2018,,Taraka,GillNet,,,Benthic,Achara,,1,1,1,9,13:15,19:00,,,,,
10-03-2018,,Shri Mahalakshmi Prasad,GillNet,,,,,,1,1,,NA,,,,,,,
10-03-2018,,Santosh,GillNet,,Indian Makerel,Benthopelagic,Achara,,1,1,1,11,04:30,09:30,,,,,
10-03-2018,,Prathamesh,GillNet,,Indian Makerel,,Malvan,,1,1,0.75,6,18:00,20:30,,,,,
10-03-2018,,Shree Mahalaxmi Prasad,GillNet,,Indian Makerel,,Malvan,,1,1,1,5.5,17:30,20:00,,,,,
11-03-2018,,,GillNet,,,,Dandi Beach,,1,1,,NA,,,,,,,
11-03-2018,,Prasad,GillNet,,Indian Makerel,Benthic,Malvan,,1,1,0.5,3.5,18:00,20:45,,,,,
11-03-2018,,,GillNet,,Indian Makerel,Benthic,,,1,1,1,5.5,18:00,20:30,,,,,
11-03-2018,,,GillNet,,Indian Makerel,Benthic,,,1,1,1,5.5,18:00,20:30,,,,,
12-03-2018,,Gajanth Laxmi,Trawler,,Prawns,Benthic,Sarjekot,,,2,3,12,06:00,15:00,,,,,
12-03-2018,,Gajanth Laxmi,Trawler,,Prawns,Benthic,Sarjekot,,,2,3,12,06:00,15:00,,,,,
12-03-2018,,Gajanth Laxmi,Trawler,,Prawns,Benthic,Sarjekot,,,2,3,12,06:00,15:00,,,,,
12-03-2018,,Gajanth Laxmi,Trawler,,Prawns,Benthic,Sarjekot,,,2,3,12,06:00,15:00,,,,,
12-03-2018,,Gajanth Laxmi,Trawler,,Prawns,Benthic,Sarjekot,,,2,3,12,06:00,15:00,,,,,
12-03-2018,,Gajanth Laxmi,Trawler,,Prawns,Benthic,Sarjekot,,,2,3,12,06:00,15:00,,,,,
12-03-2018,,Gajanth Laxmi,Trawler,,Prawns,Benthic,Sarjekot,,,2,3,12,06:00,15:00,,,,,
12-03-2018,,Ganesh Krupa 20,GillNet,,,Benthopelagic,,,1,1,1,11,17:30,22:00,,,,,
12-03-2018,,Krushnai 6,GillNet,,Indian Makerel,,Malvan,,1,1,1,4,03:00,06:00,,,,,
12-03-2018,,Krushnai 6,GillNet,,Indian Makerel,,Malvan,,1,1,1,4,03:00,06:00,,,,,
12-03-2018,,Samarth Ramdas,GillNet,,Indian Makerel,Benthic,Malvan,,1,1,0.5,5,05:00,08:30,,,,,
12-03-2018,,,GillNet,,Indian Makerel,,Malvan,,1,1,0.5,7,04:00,08:45,,,,,
12-03-2018,,Santosh,GillNet,,Indian Makerel,,Achara,,1,1,0.5,11,16:30,21:00,,,,,
12-03-2018,,Durgadevi,GillNet,,Indian Makerel,,Malvan,,1,1,0.5,5,04:00,08:30,,,,,
12-03-2018,,Taraka,GillNet,,Indian Makerel,Benthic,Malvan,,1,1,1,7,05:00,07:30,,,,,
12-03-2018,,Taraka,GillNet,,Indian Makerel,Benthic,,,1,1,1,7,05:00,07:30,,,,,
13-03-2018,,Jal ganga,GillNet,,Indian Makerel,,Malvan,,1,1,1,5,03:30,08:00,,,,,
13-03-2018,,Adishakti Rameshwar,GillNet,,,Benthic,Malvan,,1,1,0.75,5,04:00,08:00,,,,,
14-03-2018,,Pavnai,GillNet,,Indian Makerel,,Malvan,,1,1,1,4,02:00,07:00,,,,,
15-03-2018,,Digambar,GillNet,,Indian Makerel,,Malvan,,1,1,0.33,5,05:00,06:30,,,,,
15-03-2018,,Laxmi Rawalnath,GillNet,,Indian Makerel,,Malvan,,1,1,0.166666667,3,05:00,07:30,,,,,
15-03-2018,,Krushnai 6,GillNet,,Indian Makerel,,Malvan,,1,1,0.5,3,04:00,06:00,,,,,
16-03-2018,,Suvarna Pari,GillNet,,Indian Makerel,,Malvan,,1,1,1,6.5,03:00,05:00,,,,,
16-03-2018,,Bhadrakali,GillNet,,Indian Makerel,,Malvan,,1,1,0.5,3,03:00,07:00,,,,,
16-03-2018,,Bhadrakali,GillNet,,Indian Makerel,,Malvan,,1,1,0.5,3,03:00,07:00,,,,,
16-03-2018,,Mesth Rampan Sangh,Rampan,,Unspecific,,Malvan,,1,1,4,2,02:00,06:30,,,,,
17-03-2018,,Shree Moreshwar,GillNet,,Indian Makerel,,Malvan,,1,1,1,5,03:00,06:30,,,,,
17-03-2018,,Shree Moreshwar,GillNet,,Indian Makerel,,Malvan,,1,1,1,5,03:00,06:30,,,,,
17-03-2018,,,GillNet,,Silago,,Malvan,,1,1,0.5,5,02:00,07:30,,,,,
17-03-2018,,Ganesh Krupa,GillNet,,Silago,,Malvan,,1,1,0.5,5,02:00,07:30,,,,,
22-03-2018,,Om Namashivay 2,GillNet,,Indian Oil Sardine,,Malvan,,1,1,0.75,7,18:00,21:15,,,,,
22-03-2018,,Laxmi Rawalnath,GillNet,,,,Malvan,,1,1,0.333333333,2,03:00,07:00,,,,,
23-03-2018,,Jalawanti,GillNet,,,,Malvan,,1,1,2,15,16:00,20:00,,,,,
23-03-2018,,Jalawanti,GillNet,,,,Malvan,,1,1,2,15,16:00,20:00,,,,,
23-03-2018,,Jalawanti,GillNet,,,,Malvan,,1,1,2,15,16:00,20:00,,,,,
23-03-2018,,Wairy Rampan Sangh,Rampan,,,,Malvan,,1,1,12,2,18:00,06:00,,,,,
23-03-2018,,Mesth Rampan Sangh,Rampan,,,,Malvan,,1,1,3.5,3,03:00,06:30,,,,,
23-03-2018,,Mesth Rampan Sangh,Rampan,,,,Malvan,,1,1,3.5,3,03:00,06:30,,,,,
23-03-2018,,Kalika,GillNet,,Lesser Sardine,,Malvan,,1,1,,8,05:30,08:00,,,,,
25-03-2018,,Laxmi 12,GillNet,,Indian Oil Sardine,,,,1,1,3,5,03:30,06:00,,,,,
25-03-2018,,Laxmi 12,GillNet,,Indian Oil Sardine,,,,1,1,3,5,03:30,06:00,,,,,
25-03-2018,,Mesth Rampan Sangh,Rampan,,,,,,1,1,3,2,03:00,05:45,,,,,
25-03-2018,,Mesth Rampan Sangh,Rampan,,,,,,1,1,3,2,03:00,05:45,,,,,
25-03-2018,,Laxmi Rawalnath,GillNet,,Indian Oil Sardine,,,,1,1,0.083333333,5,04:00,08:00,,,,,
25-03-2018,,Samarth Ramdas,GillNet,,Indian Makerel,Benthic,,,1,1,0.5,5,05:00,08:30,,,,,
25-03-2018,,Samarth Ramdas,GillNet,,Indian Makerel,Benthic,,,1,1,0.5,5,05:00,08:30,,,,,
25-03-2018,,Samarth Ramdas,GillNet,,Indian Makerel,Benthic,,,1,1,0.5,5,05:00,08:30,,,,,
27-03-2018,,,GillNet,,,,,,1,1,,NA,,,,,,,
27-03-2018,,,Rampan,,,,,,1,1,,NA,,,,,,,
28-03-2018,,Jal ganga,GillNet,,Indian Oil Sardine,,Malvan,,1,1,1,8,02:30,07:00,,,,,
29-03-2018,,Gajanth Laxmi,Trawler,,Prawns,Benthic,Malvan,,,2,2.5,20,06:00,15:00,,,,,
29-03-2018,,Gajanth Laxmi,Trawler,,Prawns,Benthic,Malvan,,,2,2.5,20,06:00,15:00,,,,,
29-03-2018,,Gajanth Laxmi,Trawler,,Prawns,Benthic,Malvan,,,2,2.5,20,06:00,15:00,,,,,
29-03-2018,,Gajanth Laxmi,Trawler,,Prawns,Benthic,Malvan,,,2,2.5,20,06:00,15:00,,,,,
29-03-2018,,Gajanth Laxmi,Trawler,,Prawns,Benthic,Malvan,,,2,2.5,20,06:00,15:00,,,,,
29-03-2018,,Gajanth Laxmi,Trawler,,Prawns,Benthic,Malvan,,,2,2.5,20,06:00,15:00,,,,,
29-03-2018,,Gajanth Laxmi,Trawler,,Prawns,Benthic,Malvan,,,2,2.5,20,06:00,15:00,,,,,
29-03-2018,,Gajanth Laxmi,Trawler,,Prawns,Benthic,Malvan,,,2,2.5,20,06:00,15:00,,,,,
29-03-2018,,Gajanth Laxmi,Trawler,,Prawns,Benthic,Malvan,,,2,2.5,20,06:00,15:00,,,,,
29-03-2018,,Pavnai Devi,GillNet,,Indian Makerel,,Malvan,,1,1,1,4.5,04:00,08:00,,,,,
30-03-2018,,,GillNet,,Indian Oil Sardine,,,,1,1,1,8,01:00,07:00,,,,,
31-03-2018,,Gajanth Laxmi,Trawler,,Prawns,Benthic,Achara,,,2,3,10,06:00,13:00,,,,,
31-03-2018,,Gajanth Laxmi,Trawler,,Prawns,Benthic,Achara,,,2,3,10,06:00,13:00,,,,,
31-03-2018,,Gajanth Laxmi,Trawler,,Prawns,Benthic,Achara,,,2,3,10,06:00,13:00,,,,,
31-03-2018,,Gajanth Laxmi,Trawler,,Prawns,Benthic,Achara,,,2,3,10,06:00,13:00,,,,,
31-03-2018,,Gajanth Laxmi,Trawler,,Prawns,Benthic,Achara,,,2,3,10,06:00,13:00,,,,,
31-03-2018,,Gajanth Laxmi,Trawler,,Prawns,Benthic,Achara,,,2,3,10,06:00,13:00,,,,,
31-03-2018,,Gajanth Laxmi,Trawler,,Prawns,Benthic,Achara,,,2,3,10,06:00,13:00,,,,,
31-03-2018,,Gajanth Laxmi,Trawler,,Prawns,Benthic,Achara,,,2,3,10,06:00,13:00,,,,,
31-03-2018,,Gajanth Laxmi,Trawler,,Prawns,Benthic,Achara,,,2,3,10,06:00,13:00,,,,,
31-03-2018,,,GillNet,,Indian Makerel,Benthic,Malvan,,1,1,1,3,04:00,08:00,,,,,
02-04-2018,,Jal Prabha 06,GillNet,,,Benthic,Malvan,,1,1,1,7.5,04:00,07:00,,,,,
02-04-2018,,Vaibhav Laxmi,GillNet,,,Benthic,Achara,,1,1,1,12,16:00,23:00,,,,,
03-04-2018,,Gajanth Laxmi,Trawler,,Prawns,Benthic,Malvan,,,3,3,10,17:00,07:00,,,,,
03-04-2018,,Gajanth Laxmi,Trawler,,Prawns,Benthic,Malvan,,,3,3,10,17:00,07:00,,,,,
03-04-2018,,Gajanth Laxmi,Trawler,,Prawns,Benthic,Malvan,,,3,3,10,17:00,07:00,,,,,
03-04-2018,,Gajanth Laxmi,Trawler,,Prawns,Benthic,Malvan,,,3,3,10,17:00,07:00,,,,,
03-04-2018,,Gajanth Laxmi,Trawler,,Prawns,Benthic,Malvan,,,3,3,10,17:00,07:00,,,,,
03-04-2018,,Gajanth Laxmi,Trawler,,Prawns,Benthic,Malvan,,,3,3,10,17:00,07:00,,,,,
03-04-2018,,Gajanth Laxmi,Trawler,,Prawns,Benthic,Malvan,,,3,3,10,17:00,07:00,,,,,
03-04-2018,,Gajanth Laxmi,Trawler,,Prawns,Benthic,Malvan,,,3,3,10,17:00,07:00,,,,,
03-04-2018,,Gajanth Laxmi,Trawler,,Prawns,Benthic,Malvan,,,3,3,10,17:00,07:00,,,,,
03-04-2018,,Gajanth Laxmi,Trawler,,Prawns,Benthic,Malvan,,,3,3,10,17:00,07:00,,,,,
03-04-2018,,Gajanth Laxmi,Trawler,,Prawns,Benthic,Malvan,,,3,3,10,17:00,07:00,,,,,
03-04-2018,,Gajanth Laxmi,Trawler,,Prawns,Benthic,Malvan,,,3,3,10,17:00,07:00,,,,,
03-04-2018,,Gajanth Laxmi,Trawler,,Prawns,Benthic,Malvan,,,3,3,10,17:00,07:00,,,,,
04-04-2018,,Gajannan Maharaj,Trawler,No,,,,,,NA,,NA,,,,,,,Police check at devgad
04-04-2018,,Dhanalaxmi,Trawler,No,,,,,,NA,,NA,,,,,,,Police check at devgad
04-04-2018,,Shreepad Vallabh,Trawler,No,,,,,,NA,,NA,,,,,,,Police check at devgad
04-04-2018,,Pavnai,GillNet,,Indian Makerel,,Malvan,,1,1,0.25,5,04:00,05:30,,,,,
04-04-2018,,Mesth Rampan Sangh,Rampan,,,,Malvan,,1,1,3,2,03:00,06:00,,,,,
05-04-2018,,Dhanalaxmi,Trawler,No,,,,,,NA,,NA,,,,,,,Police check at Devgad
05-04-2018,,Gajannan Maharaj,Trawler,No,,,,,,NA,,NA,,,,,,,Bad report/less fish catch
05-04-2018,,Mesth Rampan Sangh,Rampan,,,,Malvan,,1,1,4.5,3,02:00,06:30,,,,,
07-04-2018,,Taraka,GillNet,,Indian Oil Sardine,,Talashil,,1,1,1,8,02:30,05:00,,,,,
07-04-2018,,Durgaprasad,GillNet,,Indian Oil Sardine,,Talashil,,1,1,0.75,5,03:00,07:00,,,,,
07-04-2018,,Durgaprasad,GillNet,,Indian Oil Sardine,,Talashil,,1,1,0.75,5,03:00,07:00,,,,,
07-04-2018,,Durgaprasad,GillNet,,Indian Oil Sardine,,Talashil,,1,1,0.75,5,03:00,07:00,,,,,
10-04-2018,,Mesth Rampan Sangh,GillNet,,Indian Makerel,,Devbag,,1,1,,2,03:00,06:00,,,,,
10-04-2018,,Mauli,GillNet,,Indian Makerel,,Devbag,,1,1,1,3,03:00,07:00,,,,,
11-04-2018,,Prathamesh,GillNet,,Indian Oil Sardine,,Devbag,,1,1,1,5,18:00,21:00,,,,,
12-04-2018,,Gajanth Laxmi,Trawler,,Prawns,Benthic,Achara,,,1,2.75,9,06:00,13:00,,,,,
12-04-2018,,Gajanth Laxmi,Trawler,,Prawns,Benthic,Achara,,,1,2.75,9,06:00,13:00,,,,,
12-04-2018,,Gajanth Laxmi,Trawler,,Prawns,Benthic,Achara,,,1,2.75,9,06:00,13:00,,,,,
12-04-2018,,Gajanth Laxmi,Trawler,,Prawns,Benthic,Achara,,,1,2.75,9,06:00,13:00,,,,,
12-04-2018,,Gajanth Laxmi,Trawler,,Prawns,Benthic,Achara,,,1,2.75,9,06:00,13:00,,,,,
12-04-2018,,Gajanth Laxmi,Trawler,,Prawns,Benthic,Achara,,,1,2.75,9,06:00,13:00,,,,,
12-04-2018,,Gajanth Laxmi,Trawler,,Prawns,Benthic,Achara,,,1,2.75,9,06:00,13:00,,,,,
12-04-2018,,Gajanth Laxmi,Trawler,,Prawns,Benthic,Achara,,,1,2.75,9,06:00,13:00,,,,,
12-04-2018,,Gajanth Laxmi,Trawler,,Prawns,Benthic,Achara,,,1,2.75,9,06:00,13:00,,,,,
12-04-2018,,Gajanth Laxmi,Trawler,,Prawns,Benthic,Achara,,,1,2.75,9,06:00,13:00,,,,,
12-04-2018,,Gajanth Laxmi,Trawler,,Prawns,Benthic,Achara,,,1,2.75,9,06:00,13:00,,,,,
20-04-2018,,Aai Dirbai,GillNet,,Silago,Benthic,Malvan,,1,1,1,3,04:30,07:00,,,,,
20-04-2018,,Aai Dirbai,GillNet,,Silago,Benthic,Malvan,,1,1,1,3,04:30,07:00,,,,,
28-04-2018,,Durbankar,GillNet,,Lesser Sardine,,Malvan,,1,1,0.25,10,01:00,06:00,,,,,
01-05-2018,,Narayani Prasad,GillNet,,Indian Oil Sardine/Lesser Sardine,,Devbag,,1,1,0.5,8,02:00,07:00,,,,,
01-05-2018,,Shree Samarth,GillNet,,Silago,,Malvan - South,,1,1,2,7,06:30,08:30,,,,,
01-05-2018,,Lakshmi Ravalnath 2,GillNet,,Indian Oil Sardine,,Talashil,,1,1,1,8.5,03:00,08:00,,,,,
02-05-2018,,Bhagwati Prasad,GillNet,,,,Achara,,1,1,2,6,01:00,06:00,,,,,
02-05-2018,,Lakshmi,GillNet,,Silago,,Sindhudurg Fort Island,,1,1,3,3,03:00,07:45,,,,,
02-05-2018,,Lakshmi,GillNet,,Silago,,Sindhudurg Fort Island,,1,1,3,3,03:00,07:45,,,,,
02-05-2018,,Lakshmi,GillNet,,Silago,,Sindhudurg Fort Island,,1,1,3,3,03:00,07:45,,,,,
02-05-2018,,Vighneshwar,GillNet,,Indian Makerel,,Malvan,,1,1,2,12,01:30,07:45,,,,,
02-05-2018,,Lakshmi,GillNet,,Silago,,Sindhudurg Fort Island,,1,1,3,3,03:00,07:45,,,,,
02-05-2018,,Lakshmi,GillNet,,Silago,,Sindhudurg Fort Island,,1,1,3,3,03:00,07:45,,,,,
02-05-2018,,Lakshmi,GillNet,,Silago,,Sindhudurg Fort Island,,1,1,3,3,03:00,07:45,,,,,
02-05-2018,,Lakshmi,GillNet,,Silago,,Sindhudurg Fort Island,,1,1,3,3,03:00,07:45,,,,,
02-05-2018,,Lakshmi,GillNet,,Silago,,Sindhudurg Fort Island,,1,1,3,3,03:00,07:45,,,,,
02-05-2018,,Lakshmi,GillNet,,Silago,,Sindhudurg Fort Island,,1,1,3,3,03:00,07:45,,,,,
02-05-2018,,Lakshmi,GillNet,,Silago,,Sindhudurg Fort Island,,1,1,3,3,03:00,07:45,,,,,
02-05-2018,,Lakshmi,GillNet,,Silago,,Sindhudurg Fort Island,,1,1,3,3,03:00,07:45,,,,,
02-05-2018,,Lakshmi,GillNet,,Silago,,Sindhudurg Fort Island,,1,1,3,3,03:00,07:45,,,,,
02-05-2018,,Lakshmi,GillNet,,Silago,,Sindhudurg Fort Island,,1,1,3,3,03:00,07:45,,,,,
04-05-2018,,Bhagwati Prasad,GillNet,,,,Achara,,1,1,2,5,00:00,07:15,,,,,
04-05-2018,,Ganesh,GillNet,,Lesser Sardine,,Kavada Rock,,1,1,1,8,02:30,06:30,,,,,
04-05-2018,,Ratnadurga,GillNet,,,,Talashil,,1,1,2,10,00:00,07:00,,,,,
05-05-2018,,Bhagwati Prasad,GillNet,,Lesser Sardine,,Achara,,1,1,1,6,01:00,05:00,,,,,
06-05-2018,,Wairy Rampan Sangh,Rampan,,,,Malvan,,1,1,4,5.5,02:00,06:00,,,,,
08-05-2018,,Indrayani,GillNet,,,,Sindhudurg Fort Island,,1,1,,2,04:00,06:00,,,,,
08-05-2018,,Wairy Rampan Sangh,Rampan,,,,Malvan,,1,1,4,4,02:00,07:00,,,,,
08-05-2018,,Wairy Rampan Sangh,Rampan,,,,Malvan,,1,1,4,4,02:00,07:00,,,,,
09-05-2018,,Indrayani,GillNet,,,,Malvan,,1,1,2,5.5,01:00,07:00,,,,,
09-05-2018,,Wairy Rampan Sangh,Rampan,,,,Wairy,,1,1,0.5,2.5,04:00,06:00,,,,,
09-05-2018,,Lakshmi,GillNet,,Lesser Sardine,,Achara,,1,1,0.5,8,01:00,06:00,,,,,
11-05-2018,,Lakshmi,GillNet,,Lesser Sardine,,Achara,,1,1,1,10,01:00,07:00,,,,,
11-05-2018,,Deepa Lakshmi,GillNet,,Carangids?,,Achara,,1,1,0.5,10,02:00,07:45,,,,,
13-05-2018,,Shree Samarth,GillNet,,Saundala,,Malvan - South,,1,1,2,7,04:00,07:30,,,,,
08-10-2018,,Santosh,GillNet,,,,,,1,1,,NA, ,,,,,,
18-10-2018,,Wairy Rampan Sangh,Rampan,,Indian Mackerel/Pedve,,Malvan,,1,1,4,2.5,03:00,07:00,,,,,
19-10-2018,,Laxmi Narayan,GillNet,,Indian Makerel,Pelagic,Malvan,,1,1,2,10,02:00,07:00,,,,,
20-10-2018,,Kunal ,GillNet,,Indian Makerel,Pelagic,Malvan,,1,1,0.5,10,03:00,07:00,,,,,
20-10-2018,,Kunal ,GillNet,,Indian Makerel,Pelagic,Malvan,,1,1,0.5,10,03:00,07:00,,,,,
20-10-2018,,Shekhar Jadhav ,GillNet,,Indian Makerel,Pelagic,Malvan,,1,1,0.5,6,04:00,07:00,,,,,
20-10-2018,,Harshala,GillNet,,Indian Makerel,Pelagic,Malvan,,1,1,0.75,9,02:30,07:30,,,,,
23-10-2018,,Laxmi Rawalnath,GillNet,,Indian Makerel,Pelagic,Malvan,,1,1,0.75,10,05:00,06:45,,,,,
26-10-2018,,Paavanadevi,GillNet,,Indian Makerel,Pelagic,Malvan,,1,1,1,10,01:00,06:30,,,,,
28-10-2018,,Durgadevi prasanna,GillNet,,Indian Makerel,Pelagic,Malvan,,1,1,2,2.5,04:00,06:30,,,,,
28-10-2018,,Devikanandan,GillNet,,Indian Makerel,Pelagic,Malvan,,1,1,3,10,02:00,06:00,,,,,
28-10-2018,,Taraka,GillNet,,Indian Makerel,Pelagic,Tarkarli,,1,1,0.5,8,04:00,07:00,,,,,
29-10-2018,,Deepa Lakshmi,GillNet,,Indian Makerel,Pelagic,Kavada Rock,,1,1,1,8.5,16:30,21:30,,,,,
29-10-2018,,Ganesh Krupa,GillNet,,Indian Makerel,Pelagic,Kavada Rock,,1,1,0.5,8,17:00,20:30,,,,,
30-10-2018,,Taraka,Rampan,,Indian Makerel,,Malvan,,1,1,2,4.5,04:00,06:30,,,,,
30-10-2018,,Sukhkarta,GillNet,,Indian Makerel,Pelagic,Malvan,,1,1,2,8.5,03:00,06:15,,,,,
31-10-2018,,Sri Adishakti,GillNet,,,,,,1,1,,NA,,,,,,,
31-10-2018,,Katradevi,GillNet,,Indian Makerel,Pelagic,Malvan,,1,1,0.5,9.5,03:00,06:00,,,,,
01-11-2018,,Taraka,Rampan,,Indian Makerel,,Malvan,,1,1,2.5,3.5,04:00,05:30,,,,,
01-11-2018,,Sukhkarta,GillNet,,Indian Makerel/Squid,Pelagic,Malvan,,1,1,0.5,10,03:00,06:30,,,,,
03-11-2018,,Durgaprasad,GillNet,,Indian Makerel/ Lesser Sardine,Pelagic,Malvan,,1,1,0.5,8,04:00,06:30,,,,,
04-11-2018,,Taraka,Rampan,,Indian Makerel,,Malvan,,1,1,2,4.5,03:30,05:45,,,,,
04-11-2018,,Yashodha,GillNet,,Indian Makerel/ Lesser Sardine,Pelagic,Sindhudurg Fort Island,,1,1,1,6.5,04:30,07:30,,,,,
04-11-2018,,Laxmi Rawalnath,GillNet,,Lesser Sardine,Pelagic,Malvan,,1,1,0.5,8,03:30,07:00,,,,,
06-11-2018,,Malandkar,GillNet,,Indian Makerel,Pelagic,Malvan,,1,1,1,7,03:00,06:00,,,,,
07-11-2018,,Suhas Toraskar,GillNet,,Indian Makerel,Pelagic,Vayangani,,1,1,1.5,3,05:00,07:00,,,,,
09-11-2018,,Suhas Toraskar,GillNet,,Crabs,Benthic,Vayangani,,1,1,0.25,2.5,18:00,07:00,,,,,
10-11-2018,,Bhagwati Prasad,GillNet,,Indian Makerel,Pelagic,Malvan,,1,1,1,11,03:00,07:00,,,,,
11-11-2018,,Taraka,Rampan,,Indian Makerel,,Malvan,,1,1,1.5,4,03:00,06:30,,,,,
11-11-2018,,Bhadrakali,GillNet,,,,,,1,1,,NA,,,,,,,
12-11-2018,,Taraka,GillNet,,Lesser Sardine,Pelagic,Malvan,,1,1,1,7,04:00,06:00,,,,,
12-11-2018,,Bhadrakali,GillNet,,Lesser Sardine,Pelagic,Malvan,,1,1,3.5,8,02:30,06:00,,,,,
13-11-2018,,Mesth Rampan Sangh,Rampan,,Lesser Sardine,,Malvan,,1,1,4.5,5,02:00,06:30,,,,,
14-11-2018,,Mesth Rampan Sangh,Rampan,,Lesser Sardine,,Malvan,,1,1,2,5,04:00,06:30,,1000,,,
14-11-2018,,Mesth Rampan Sangh,Rampan,,Lesser Sardine,,Malvan,,1,1,2,5,04:00,06:30,,1000,,,
14-11-2018,,Mesth Rampan Sangh,Rampan,,Lesser Sardine,,Malvan,,1,1,2,5,04:00,06:30,,1000,,,
14-11-2018,,Mesth Rampan Sangh,Rampan,,Lesser Sardine,,Malvan,,1,1,2,5,04:00,06:30,,1000,,,
14-11-2018,,,GillNet,,,,Malvan,,1,1,,NA,,,,,,,
14-11-2018,,Mesth Rampan Sangh,Rampan,,Lesser Sardine,,Malvan,,1,1,2,5,04:00,06:30,,1000,,,
14-11-2018,,Om Sai,Trawler,,Prawns,Benthic,Malvan,,2,2,3,12,05:30,16:30,,,,,
14-11-2018,,Om Sai,Trawler,,Prawns,Benthic,Malvan,,2,2,3,12,05:30,16:30,,,,,
14-11-2018,,Om Sai,Trawler,,Prawns,Benthic,Malvan,,2,2,3,12,05:30,16:30,,,,,
14-11-2018,,Om Sai,Trawler,,Prawns,Benthic,Malvan,,2,2,3,12,05:30,16:30,,,,,
14-11-2018,,Om Sai,Trawler,,Prawns,Benthic,Malvan,,2,2,3,12,05:30,16:30,,,,,
14-11-2018,,Om Sai,Trawler,,Prawns,Benthic,Malvan,,2,2,3,12,05:30,16:30,,,,,
14-11-2018,,Om Sai,Trawler,,Prawns,Benthic,Malvan,,2,2,3,12,05:30,16:30,,,,,
14-11-2018,,Om Sai,Trawler,,Prawns,Benthic,Malvan,,2,2,3,12,05:30,16:30,,,,,
14-11-2018,,Om Sai,Trawler,,Prawns,Benthic,Malvan,,2,2,3,12,05:30,16:30,,,,,
14-11-2018,,Om Sai,Trawler,,Prawns,Benthic,Malvan,,2,2,3,12,05:30,16:30,,,,,
14-11-2018,,Om Sai,Trawler,,Prawns,Benthic,Malvan,,2,2,3,12,05:30,16:30,,,,,
14-11-2018,,Om Sai,Trawler,,Prawns,Benthic,Malvan,,2,2,3,12,05:30,16:30,,,,,
14-11-2018,,Om Sai,Trawler,,Prawns,Benthic,Malvan,,2,2,3,12,05:30,16:30,,,,,
14-11-2018,,Om Sai,Trawler,,Prawns,Benthic,Malvan,,2,2,3,12,05:30,16:30,,,,,
14-11-2018,,Om Sai,Trawler,,Prawns,Benthic,Malvan,,2,2,3,12,05:30,16:30,,,,,
15-11-2018,,Om Sai,Trawler,,Prawns,Benthic,Malvan,,2,2,3,12,05:30,16:30,,,,,
15-11-2018,,Om Sai,Trawler,,Prawns,Benthic,Malvan,,2,2,3,12,05:30,16:30,,,,,
15-11-2018,,Om Sai,Trawler,,Prawns,Benthic,Malvan,,2,2,3,12,05:30,16:30,,,,,
15-11-2018,,Om Sai,Trawler,,Prawns,Benthic,Malvan,,2,2,3,12,05:30,16:30,,,,,
16-11-2018,,Om Sai,Trawler,,Prawns,Benthic,Juva Pankhol,,1,3,2.5,12,05:30,16:30,,,,,
16-11-2018,,Om Sai,Trawler,,Prawns,Benthic,Juva Pankhol,,1,3,2.5,12,05:30,16:30,,,,,
16-11-2018,,Om Sai,Trawler,,Prawns,Benthic,Juva Pankhol,,1,3,2.5,12,05:30,16:30,,,,,
16-11-2018,,Om Sai,Trawler,,Prawns,Benthic,Juva Pankhol,,1,3,2.5,12,05:30,16:30,,,,,
16-11-2018,,Om Sai,Trawler,,Prawns,Benthic,Juva Pankhol,,1,3,2.5,12,05:30,16:30,,,,,
16-11-2018,,Om Sai,Trawler,,Prawns,Benthic,Juva Pankhol,,1,3,2.5,12,05:30,16:30,,,,,
16-11-2018,,Om Sai,Trawler,,Prawns,Benthic,Juva Pankhol,,1,3,2.5,12,05:30,16:30,,,,,
16-11-2018,,Om Sai,Trawler,,Prawns,Benthic,Juva Pankhol,,1,3,2.5,12,05:30,16:30,,,,,
16-11-2018,,Om Sai,Trawler,,Prawns,Benthic,Juva Pankhol,,1,3,2.5,12,05:30,16:30,,,,,
16-11-2018,,Om Sai,Trawler,,Prawns,Benthic,Juva Pankhol,,1,3,2.5,12,05:30,16:30,,,,,
16-11-2018,,Om Sai,Trawler,,Prawns,Benthic,Juva Pankhol,,1,3,2.5,12,05:30,16:30,,,,,
16-11-2018,,Om Sai,Trawler,,Prawns,Benthic,Juva Pankhol,,1,3,2.5,12,05:30,16:30,,,,,
16-11-2018,,Om Sai,Trawler,,Prawns,Benthic,Juva Pankhol,,1,3,2.5,12,05:30,16:30,,,,,
16-11-2018,,Om Sai,Trawler,,Prawns,Benthic,Juva Pankhol,,1,3,2.5,12,05:30,16:30,,,,,
16-11-2018,,Om Sai,Trawler,,Prawns,Benthic,Juva Pankhol,,1,3,2.5,12,05:30,16:30,,,,,
16-11-2018,,Om Sai,Trawler,,Prawns,Benthic,Juva Pankhol,,1,3,2.5,12,05:30,16:30,,,,,
16-11-2018,,Om Sai,Trawler,,Prawns,Benthic,Juva Pankhol,,1,3,2.5,12,05:30,16:30,,,,,
16-11-2018,,Om Sai,Trawler,,Prawns,Benthic,Juva Pankhol,,1,3,2.5,12,05:30,16:30,,,,,
16-11-2018,,Om Sai,Trawler,,Prawns,Benthic,Juva Pankhol,,1,3,2.5,12,05:30,16:30,,,,,
16-11-2018,,Om Sai,Trawler,,Prawns,Benthic,Juva Pankhol,,1,3,2.5,12,05:30,16:30,,,,,
16-11-2018,,Om Sai,Trawler,,Prawns,Benthic,Juva Pankhol,,1,3,2.5,12,05:30,16:30,,,,,
16-11-2018,,Om Sai,Trawler,,Prawns,Benthic,Juva Pankhol,,1,3,2.5,12,05:30,16:30,,,,,
16-11-2018,,Om Sai,Trawler,,Prawns,Benthic,Juva Pankhol,,1,3,2.5,12,05:30,16:30,,,,,
16-11-2018,,Om Sai,Trawler,,Prawns,Benthic,Juva Pankhol,,1,3,2.5,12,05:30,16:30,,,,,
16-11-2018,,Om Sai,Trawler,,Prawns,Benthic,Juva Pankhol,,1,3,2.5,12,05:30,16:30,,,,,
16-11-2018,,Om Sai,Trawler,,Prawns,Benthic,Juva Pankhol,,1,3,2.5,12,05:30,16:30,,,,,
16-11-2018,,Om Sai,Trawler,,Prawns,Benthic,Juva Pankhol,,1,3,2.5,12,05:30,16:30,,,,,
16-11-2018,,Om Sai,Trawler,,Prawns,Benthic,Juva Pankhol,,1,3,2.5,12,05:30,16:30,,,,,
16-11-2018,,Om Sai,Trawler,,Prawns,Benthic,Juva Pankhol,,1,3,2.5,12,05:30,16:30,,,,,
16-11-2018,,Om Sai,Trawler,,Prawns,Benthic,Juva Pankhol,,1,3,2.5,12,05:30,16:30,,,,,
17-11-2018,,Chetana FB,GillNet,,Mixed Catch,Pelagic,Malvan,,1,1,2,6,03:00,06:00,,,,,
19-11-2018,,Mesth,Rampan,,,,Dandi Beach,,1,1,13,3,,,"Crabs, Squid, Striped catfish, Sting rays, Bamboo Sharks, Half beaks",,Yes,1,
23-11-2018,,Mesth Rampan Sangh,Rampan,,Mixed Catch,,Malvan,,1,1,3,5,03:00,06:00,,,,,
24-11-2018,,Om Sai,Trawler,,Mixed Catch,Mixed cast,Akere-Nivati,,1,4,2.5,12,05:30,16:30,,,,,
24-11-2018,,Om Sai,Trawler,,Mixed Catch,Mixed cast,Akere-Nivati,,1,4,2.5,12,05:30,16:30,,,,,
24-11-2018,,Om Sai,Trawler,,Mixed Catch,Mixed cast,Akere-Nivati,,1,4,2.5,12,05:30,16:30,,,,,
25-11-2018,,Reshmi 02,GillNet,,Indian Makerel,Pelagic,Sindhudurg Fort Island,,1,1,,10,04:00,07:00,,,,,
25-11-2018,,Kalaki,GillNet,,,,Malvan,,1,1,,NA,,,,,,,
26-11-2018,,Narayan,Rampan,,Indian Oil Sardine,,Malvan,,1,1,3,3,21:30,06:30,,,,,
26-11-2018,,Narayan,Rampan,,Indian Oil Sardine,,Malvan,,1,1,3,3,21:30,06:30,,,,,
26-11-2018,,Narayan,Rampan,,Indian Oil Sardine,,Malvan,,1,1,3,3,21:30,06:30,,,,,
26-11-2018,,Mesth Rampan Sangh,Rampan,,Indian Oil Sardine,,Malvan,,1,1,4,3,02:30,08:30,,,,,
26-11-2018,,Mesth Rampan Sangh,Rampan,,Indian Oil Sardine,,Malvan,,1,1,4,3,02:30,08:30,,,,,
26-11-2018,,Mesth Rampan Sangh,Rampan,,Indian Oil Sardine,,Malvan,,1,1,4,3,02:30,08:30,,,,,
26-11-2018,,Mesth Rampan Sangh,Rampan,,Indian Oil Sardine,,Malvan,,1,1,4,3,02:30,08:30,,,,,
27-11-2018,,Omkar,Trawler,,Chalu,Bottom Trawl,Juva Pankhol,,1,3,2.75,7.5,,,,,Yes,3,"2HC, 1HS"
27-11-2018,,Bhavani prasad,GillNet,,Indian Makerel,Pelagic,Malvan,,1,1,1,12,05:30,10:00,,,,,
27-11-2018,,Kalaki,GillNet,,Indian Makerel,Pelagic,Tarkarli,,1,1,1,5,03:00,07:00,,,,,
27-11-2018,,Mesth Rampan Sangh,Rampan,,Indian Oil Sardine,,Malvan,,1,1,4,4,21:30,02:30,,,,,
28-11-2018,,Kalika,GillNet,,Indian Makerel,Pelagic,Malvan,,1,1,1.5,8,04:00,06:30,,,,,
29-11-2018,,Mesth Rampan Sangh,Rampan,,Squid,,Malvan,,1,1,4,4,02:30,06:30,,,,,
29-11-2018,,Bhavani prasad,GillNet,,Indian Makerel,Pelagic,Malvan,,1,1,1,6,05:30,09:00,,,,,
29-11-2018,,Kalika,GillNet,,Lesser Sardine,Pelagic,Malvan,,1,1,0.5,4,04:00,07:30,,,,,
29-11-2018,,Kalika,GillNet,,Indian Makerel,Pelagic,Malvan,,1,1,0.5,6,17:30,20:30,,,,,
30-11-2018,,Laxmi Prassad,GillNet,,Kapi,Pelagic,Malvan,,1,1,1,12,02:00,09:00,,,,,
30-11-2018,,Laxmi Prassad,GillNet,,Kapi,Pelagic,Malvan,,1,1,1,12,02:00,09:00,,,,,
30-11-2018,,Laxmi Rawalnath,GillNet,,Lesser Sardine,Pelagic,Malvan,,1,1,0.5,8,02:00,09:00,,,,,
01-12-2018,,Suhas Toraskar,GillNet,,Indian Makerel,Pelagic,Vayangani,,1,1,1,7,04:30,07:30,,,,,
01-12-2018,,Durga Prasad,GillNet,,Indian Makerel,Pelagic,Malvan,,1,1,0.75,8,05:30,08:00,,,,,
01-12-2018,,Durga Prasad,GillNet,,Indian Makerel,Pelagic,Malvan,,1,1,0.75,8,05:30,08:00,,,,,
01-12-2018,,Somnia,Trawler,,Mixed Catch,Pelagic,Achara,,,1,2.5,12,06:00,14:00,,,,,
01-12-2018,,Somnia,Trawler,,Mixed Catch,Pelagic,Achara,,,1,2.5,12,06:00,14:00,,,,,
02-12-2018,,Suhas Toraskar,GillNet,,Indian Makerel,Pelagic,Vayangani,,1,1,1,3,03:00,07:00,,,,,
04-12-2018,,Yakshini-devi,GillNet,,Indian Makerel,Pelagic,Malvan,,1,1,0.75,10,02:30,07:00,,,,,
05-12-2018,,Laxmi Rawalnath,GillNet,,Lesser Sardine,Pelagic,Malvan,,1,1,0.5,10,02:00,06:00,,,,,
08-12-2018,,Devki,GillNet,,Mixed Catch,Pelagic,Achara,,1,1,0.5,9,04:30,09:30,,,,,
10-12-2018,,Mesth Rampan Sangh,Rampan,,Indian Makerel,,Malvan,,1,1,3.45,5,02:00,05:45,,,,,
10-12-2018,,Taraka,GillNet,,Indian Oil Sardine,Pelagic,Malvan,,1,1,1,7,02:00,06:30,,,,,
10-12-2018,,Agasthamuni,Trawler,,,Pelagic,Vengurla,,4,4,3,15,06:00:00,17:30:00,,,Yes,5,Curtus
10-12-2018,,Somnia,Trawler,,Prawns,Benthic,Achara,,1,2,2,12,06:00:00,17:30:00,,,Yes,2,Curtus
11-12-2018,,Harsh ,GillNet,,Indian Makerel,Pelagic,Tarkarli,,1,1,0.5,5,03:00,07:00,,,,,
11-12-2018,,Aai Dirbai,GillNet,,Indian Makerel,Pelagic,Kavada Rock,,1,1,0.5,4,02:00,06:30,,,,,
11-12-2018,,Aai Dirbai,GillNet,,Indian Makerel,Pelagic,Kavada Rock,,1,1,0.5,4,02:00,06:30,,,,,
11-12-2018,,Aai Dirbai,GillNet,,Indian Makerel,Pelagic,Kavada Rock,,1,1,0.5,4,02:00,06:30,,,,,
11-12-2018,,Aai Dirbai,GillNet,,Indian Makerel,Pelagic,Kavada Rock,,1,1,0.5,4,02:00,06:30,,,,,
11-12-2018,,Aai Dirbai,GillNet,,Indian Makerel,Pelagic,Kavada Rock,,1,1,0.5,4,02:00,06:30,,,,,
11-12-2018,,Aai Dirbai,GillNet,,Indian Makerel,Pelagic,Kavada Rock,,1,1,0.5,4,02:00,06:30,,,,,
11-12-2018,,Fursai-Prasanna,GillNet,,,Pelagic,,,1,1,0.5,3,03:00,07:00,,,,,
11-12-2018,,Prathamesh,GillNet,,Lesser Sardine,Pelagic,Malvan,,1,1,0.5,8,04:00,06:45,,,,,
11-12-2018,,Bhadrakali,GillNet,,Indian Makerel,Pelagic,Malvan,,1,1,1.5,10,02:00,07:00,,,,,
11-12-2018,,Jal Prabha 06,GillNet,,Indian Makerel,Benthic,Tarkarli,,1,1,1,5,04:00,07:00,,,,,
12-12-2018,,Devki,GillNet,,Indian Makerel,Benthic,Malvan,,1,1,1.5,16,03:00,08:45,,,,,
13-12-2018,,Om Sai,Trawler,,Prawns,Benthic,Juva Pankhol,,,1,3,10,06:00,05:00,,,,,
13-12-2018,,Om Sai,Trawler,,Prawns,Benthic,Juva Pankhol,,,1,3,10,06:00,05:00,,,,,
13-12-2018,,Om Sai,Trawler,,Prawns,Benthic,Juva Pankhol,,,1,3,10,06:00,05:00,,,,,
13-12-2018,,Om Sai,Trawler,,Prawns,Benthic,Juva Pankhol,,,1,3,10,06:00,05:00,,,,,
13-12-2018,,Om Sai,Trawler,,Prawns,Benthic,Juva Pankhol,,,1,3,10,06:00,05:00,,,,,
14-12-2018,,Sateri,GillNet,,Indian Makerel,Pelagic,Kavada Rock,,1,1,1.5,9,03:00,07:30,,,,,
14-12-2018,,Herambh,GillNet,,Mixed Catch,Pelagic,Kavada Rock,,1,1,1,9,04:00,07:30,,,,,
15-12-2018,,Bhagwati Prasanna,GillNet,,Dhoma,Benthic,Devbag,,1,1,3,12.5,16:00,21:30,,,,,
17-12-2018,,Bhadrakali,GillNet,,Mixed Catch,Pelagic,Malvan,,1,1,2,8,02:00,05:00,,,,,
17-12-2018,,Mesth Rampan Sangh,Rampan,,Lesser Sardine,,Malvan,,1,1,12,5,18:00,06:30,,,,,
17-12-2018,,Vetoba Prasanna,GillNet,,Indian Makerel,Pelagic,Devbag,,1,1,2,3,03:00,06:00,,,,,
20-12-2018,,Bhairavi Prasad,GillNet,,Indian Makerel,Benthic,Devbag,,1,1,1,5,04:00,08:00,,,,,
24-12-2018,,Lakshmi,GillNet,,Indian Makerel,Benthic,Juva Pankhol,,1,1,1,16,01:00,06:00,,,,,
24-12-2018,,Sukhkarta,GillNet,,Saundala,Benthic,Malvan,,1,1,1,17,01:30,06:30,,,,,
24-12-2018,,Sukhkarta,GillNet,,Saundala,Benthic,Malvan,,1,1,1,17,01:30,06:30,,,,,
24-12-2018,,Sukhkarta,GillNet,,Saundala,Benthic,Malvan,,1,1,1,17,01:30,06:30,,,,,
24-12-2018,,,GillNet,,,,,,1,1,,NA,,,,,,,
24-12-2018,,Shiv Rajani,GillNet,,Saundala,Benthic,Malvan,,1,1,2.5,14,13:00,19:00,,,,,
24-12-2018,,Girija-2,GillNet,,Saundala,Benthic,Malvan,,1,1,1,18,02:00,06:30,,,,,
24-12-2018,,Girija-2,GillNet,,Saundala,Benthic,Malvan,,1,1,1,18,02:00,06:30,,,,,
24-12-2018,,Girija-2,GillNet,,Saundala,Benthic,Malvan,,1,1,1,18,02:00,06:30,,,,,
24-12-2018,,Aai Dirbai,GillNet,,Indian Makerel,Pelagic,Tarkarli,,1,1,1,3,02:00,07:30,,,,,
24-12-2018,,,GillNet,,,,,,1,1,,NA,,,,,,,
24-12-2018,,,GillNet,,,,,,1,1,,NA,,,,,,,
24-12-2018,,Mauli,GillNet,,Lesser Sardine,Benthic,Malvan,,1,1,3,16,02:00,07:00,,,,,
24-12-2018,,Vetoba Prasanna,GillNet,,Indian Makerel,Benthic,Achara,,1,1,1,17,02:00,06:00,,,,,
24-12-2018,,Ganesh Krupa,GillNet,,Saundala,Benthic,Talashil,,1,1,1,15,01:00,07:00,,,,,
25-12-2018,,Mesth Rampan Sangh,GillNet,,Mixed Catch,,Malvan,,1,1,3,5,18:00,05:30,,,,,
25-12-2018,,Dirbadevi Krupa,GillNet,,Mixed Catch,Benthic,Achara,,1,1,1,16,01:00,06:00,,,,,
25-12-2018,,Sateri,GillNet,,Mixed Catch,Benthic,Malvan,,1,1,1,15,13:00,18:00,,,,,
25-12-2018,,Ganesh Krupa,GillNet,,Indian Makerel,Benthic,Malvan,,1,1,1,14,13:30,19:00,,,,,
25-12-2018,,Vetoba Prasanna,GillNet,,Indian Makerel,Benthic,Malvan,,1,1,1,15,14:00,19:30,,,,,
25-12-2018,,Mauli,GillNet,,Indian Makerel,Benthic,Malvan,,1,1,1,16,13:00,18:00,,,,,
25-12-2018,,Mauli,GillNet,,Indian Makerel,Benthic,Malvan,,1,1,1,16,13:00,18:00,,,,,
30-12-2018,,Pandurang Prasad,GillNet,,Indian Makerel,Benthic,Malvan,,1,1,1,17,14:00,18:30,,,,,
31-12-2018,,Mesth Rampan Sangh,Rampan,,Squid,,Malvan,,1,1,3.5,4,02:30,06:40,,,,,
31-12-2018,,Mesth Rampan Sangh,Rampan,,Squid,,Malvan,,1,1,3.5,4,02:30,06:40,,,,,
31-12-2018,,Dirba,GillNet,,Surmai,Benthic,Malvan,,1,1,1,10,04:30,08:00,,,,,
01-01-2019,,Laxmi Rawalnath,GillNet,,Mixed Catch,Benthic,Malvan,,1,1,0.5,13,01:00,07:00,,,,,
01-01-2019,,Laxmi Rawalnath,GillNet,,Mixed Catch,Benthic,Malvan,,1,1,0.5,13,01:00,07:00,,,,,
01-01-2019,,Lakshmi,GillNet,,Mixed Catch,Benthic,Malvan,,1,1,3,15,11:00,07:00,,,,,
01-01-2019,,Lakshmi,GillNet,,Mixed Catch,Benthic,Malvan,,1,1,3,15,11:00,07:00,,,,,
01-01-2019,,Lakshmi,GillNet,,Mixed Catch,Benthic,Malvan,,1,1,3,15,11:00,07:00,,,,,
02-01-2019,,Mesth Rampan Sangh,GillNet,,Mixed Catch,,Malvan,,1,1,2,4.5,04:00,06:00,,,,,
02-01-2019,,Mesth Rampan Sangh,GillNet,,Mixed Catch,,Malvan,,1,1,2,4.5,04:00,06:00,,,,,
02-01-2019,,Mesth Rampan Sangh,GillNet,,Mixed Catch,,Malvan,,1,1,2,4.5,04:00,06:00,,,,,
02-01-2019,,Narayani Prasad,GillNet,,Mixed Catch,Benthic,Malvan,,1,1,2,15.5,01:30,07:30,,,,,
04-01-2019,,Laxmi Rawalnath,GillNet,,Mixed Catch,Benthopelagic,Malvan,,1,1,1,11,13:00,20:00,,,,,
05-01-2019,,Kalambia,GillNet,,Mixed Catch,Pelagic,Malvan,,1,1,2,7,04:00,08:00,,,,,
05-01-2019,,Kalambia,GillNet,,Mixed Catch,Pelagic,Malvan,,1,1,2,7,04:00,08:00,,,,,
05-01-2019,,,GillNet,,,,Malvan,,1,1,,NA,,,,,,,
05-01-2019,,Yashodha,GillNet,,Lesser Sardine,Pelagic,Malvan,,1,1,1,7,03:30,06:30,,,,,
05-01-2019,,Narayani Prasad,GillNet,,Mixed Catch,Benthic,Malvan,,1,1,0.5,14,14:00,20:00,,,,,
05-01-2019,,Lalita,GillNet,,Lesser Sardine,Benthic,Malvan,,1,1,1,9,11:00,18:00,,,,,
05-01-2019,,,GillNet,,,,Malvan,,1,1,,NA,,,,,,,
06-01-2019,,Mesth Rampan Sangh,GillNet,,Squid,,Malvan,,1,1,4,4,02:00,06:00,,,,,
06-01-2019,,Shree Adishakti,GillNet,,Mixed Catch,Pelagic,Malvan,,1,1,1,7,04:00,08:00,,,,,
06-01-2019,,Pavnai Devi,GillNet,,Lesser Sardine,Pelagic,Malvan,,1,1,0.5,10,03:00,05:30,,,,,
06-01-2019,,Pavnai Devi,GillNet,,Lesser Sardine,Pelagic,Malvan,,1,1,0.5,10,03:00,05:30,,,,,
06-01-2019,,,GillNet,,,,Malvan,,1,1,,NA,,,,,,,
07-01-2019,,Kohinoor,Trawler,,Prawns,Benthic,Malvan,,2,4,3,30,06:00:00,17:30:00,,,Yes,7,Curtus & hooked nose
09-01-2019,,Moreshwar Krupa,GillNet,,Mixed Catch,Benthic,Malvan,,1,1,1,15,01:00,06:15,,,,,
09-01-2019,,Vetoba Prasanna,GillNet,,Mixed Catch,Benthic,Malvan,,1,1,1,15,02:00,06:00,,,,,
09-01-2019,,Heramb,GillNet,,Mixed Catch,Benthic,Malvan,,1,1,1,15,01:00,06:00,,,,,
09-01-2019,,Disba Siddhi,GillNet,,Mixed Catch,Benthic,Malvan,,1,1,1,16,01:00,06:30,,,,,
09-01-2019,,Disba Siddhi,GillNet,,Mixed Catch,Benthic,Malvan,,1,1,1,16,01:00,06:30,,,,,
09-01-2019,,Laxmi Rawalnath,GillNet,,Mixed Catch,Benthic,Malvan,,1,1,1,16,01:00,06:30,,,,,
09-01-2019,,Lalita,GillNet,,Mixed Catch,Benthic,Malvan,,1,1,1,15,01:00,06:00,,,,,
13-01-2019,,Mauli,GillNet,,"Pedve, Saundata",Pelagic,Malvan,,1,1,1,9,04:30,07:56,,,,,
15-01-2019,,Aakash,Trawler,,Prawns,Benthic,Devgad,,2,3,3,18,06:00:00,17:30:00,,,Yes,8,Curtus
15-01-2019,,Vishnu Datta,Trawler,,Prawns,Benthic,Juva Pankhol,,2,3,3,15,06:00:00,17:30:00,,,Yes,9,Curtus
17-01-2019,,Durva Shakti,GillNet,,Saundala/ Black Spotted Scad,Benthic,Malvan,,1,1,1,12,02:00,06:30,,,,,
17-01-2019,,Lakshmi,GillNet,,Dhoma,Benthic,Malvan,,1,1,1,15,1100,05:30,,,,,
17-01-2019,,Lakshmi,GillNet,,Dhoma,Benthic,Malvan,,1,1,1,15,1100,05:30,,,,,
18-01-2019,,Aakash,Trawler,,Prawns,Benthic,Juva Pankhol,,2,3,3,10,06:00:00,17:30:00,,,Yes,5,Curtus
18-01-2019,,Vishnu Datta,Trawler,,Prawns,Benthic,Malvan - North,,2,3,3,15,06:00:00,17:30:00,,,Yes,8,Curtus & hooked nose
20-01-2019,,Hari Mauli,Trawler,,Prawns,Benthic,Achara,,2,2,4,15,06:00:00,17:30:00,,,Yes,5,Curtus
25-01-2019,,Bhadrakali,GillNet,,Lesser Sardine/Black Spotted Scad,Pelagic,Malvan,,1,NA,1,10,04:00:00,07:20:00,,,,,
25-01-2019,,Jal Prabha 06,GillNet,,Lesser Sardine,Pelagic,Tarkarli,,1,NA,1,8,05:00:00,07:15:00,,,,,
25-01-2019,,Mauli Krupa,GillNet,,Lesser Sardine,Pelagic,Moryacha dhonda,,1,NA,1,8,02:30:00,06:30:00,,,,,
30-01-2019,,Gurumauli,GillNet,,Lesser Sardine,Pelagic,Malvan,,1,1,3,10,01:00:00,08:00:00,,,,,
31-01-2019,,Taramati,GillNet,,Indian Makerel,Benthic,Devbag,,1,1,1,20,18:30:00,20:30:00,,,,,
31-01-2019,,Morjai,GillNet,,Dhomi/Saundhala,Benthic,Nivati lighthouse,,1,1,1,18,12:03:00,18:03:00,,,,,
31-01-2019,,Indrayani,GillNet,,,Pelagic,Malvan,,1,1,2,10,04:00:00,07:42:00,,,,,
01-02-2019,,Jayashree,GillNet,,Lesser Sardine,Pelagic,Malvan,,1,1,1,10,00:00:00,05:00:00,,,,,
03-02-2019,,Kalaki,GillNet,,Indian Makerel,Pelagic,Talashil,,1,1,1,7,02:00:00,08:00:00,,,,,
03-02-2019,,Kalaki,GillNet,,Indian Makerel,Pelagic,Talashil,,1,1,1,7,02:00:00,08:00:00,,,,,
03-02-2019,,Kalaki,GillNet,,Indian Makerel,Pelagic,Talashil,,1,1,1,7,02:00:00,08:00:00,,,,,
03-02-2019,,Kalaki,GillNet,,Indian Makerel,Pelagic,Talashil,,1,1,1,7,02:00:00,08:00:00,,,,,
06-02-2019,,Lakshmi,GillNet,,Indian Makerel,Benthic,Talashil,,1,1,1,8,17:30:00,21:30:00,,,,,
06-02-2019,,Lakshmi,GillNet,,Indian Makerel,Benthic,Talashil,,1,1,1,8,17:30:00,21:30:00,,,,,
06-02-2019,,Purushottam prasad,GillNet,,,Benthic,Malvan,,1,1,1,5,05:00:00,08:16:00,,,,,
07-02-2019,,Yashodha,GillNet,,Saundala,Pelagic,Moryacha dhonda,,1,1,1,5,05:11:00,08:11:00,,,,,
10-02-2019,,Mesth Rampan Sangh,Rampan,,Mixed Catch,,Malvan,,1,1,6,4,!8:30,06:00,,,,,
10-02-2019,,Mesth Rampan Sangh,Rampan,,Mixed Catch,,Malvan,,1,1,6,4,!8:30,06:00,,,,,
13-02-2019,,Jai Malhar,GillNet,,Mixed Catch,Pelagic,Malvan,,1,1,1,8,03:00,08:30,,,,,
15-02-2019,,Kubal,Rampan,,Indian Makerel,,Malvan,,1,1,8,5,19:30,06:00,,,,,
15-02-2019,,Kubal,Rampan,,Indian Makerel,,Malvan,,1,1,8,5,19:30,06:00,,,,,
15-02-2019,,Laxmi Rawalnath,GillNet,,Indian Makerel,Pelagic,Malvan,,1,1,0.45,10,04:00,08:00,,,,,
17-02-2019,,Mesth Rampan Sangh,Rampan,,,,Malvan,,1,1,,NA,,,,,,,
18-02-2019,,Laxmi Rawalnath,GillNet,,Indian Makerel,Pelagic,Tarkarli,,1,1,1.5,10,04:00,09:00,,,,,
18-02-2019,,Somnia,Trawler,,Prawns,Benthic,Achara,,2,3,4,22,06:00:00,17:30:00,,,Yes,2,
18-02-2019,,Laxmi Rawalnath 2,GillNet,,Lesser Sardine,Pelagic,Tarkarli,,1,1,1.5,8,04:00:00,08:00:00,,,Yes,1,
19-02-2019,,Jai Malhar,GillNet,,Indian Makerel,Pelagic,Tondavali,,1,1,0.45,10,03:00,08:00,,,,,
19-02-2019,,Somnia,Trawler,,Prawns,Benthic,Malvan,,,1,4,22,06:00,05:30,,,,,
19-02-2019,,Somnia,Trawler,,Prawns,Benthic,Malvan,,,1,4,22,06:00,05:30,,,,,
19-02-2019,,Vinzai Prasanna,Trawler,,Prawns,Benthic,Juva Pankhol,,,1,3,22,06:00,16:00,,,,,
19-02-2019,,Vinzai Prasanna,Trawler,,Prawns,Benthic,Juva Pankhol,,,1,3,22,06:00,16:00,,,,,
20-02-2019,,,GillNet,,,,,,1,1,,NA,,,,,,,
24-02-2019,,Devdarshan,GillNet,,Harsa,Pelagic,Malvan,,1,1,1,10,12:00,17:30,,,,,
25-02-2019,,Laxmi Rawalnath,GillNet,,,Pelagic,Malvan,,1,1,1,10,02:00,08:30,,,,,
26-02-2019,,Laxmi Rawalnath,GillNet,,Indian Makerel,Pelagic,Tarkarli,,1,1,1,4,03:00,07:30,,,,,
27-02-2019,,Vaishya Rani,GillNet,,Indian Makerel,Pelagic,Tarkarli,,1,1,1,3,03:00,07:00,,,,,
27-02-2019,,Vaishya Rani,GillNet,,Indian Makerel,Pelagic,Tarkarli,,1,1,1,3,03:00,07:00,,,,,
27-02-2019,,Shanta Durga,GillNet,,Indian Makerel,Benthopelagic,Tarkarli,,1,1,2.5,10,02:00,07:00,,,,,
28-02-2019,,Laxmi Rawalnath,GillNet,,Indian Makerel,Pelagic,Malvan,,1,1,2.5,10,02:30,07:00,,,,,
28-02-2019,,Dhanalaxmi,Trawler,,Prawns,Benthic,Juva Pankhol,,,1,3,25,06:00,17:00,,,,,
28-02-2019,,Dhanalaxmi,Trawler,,Prawns,Benthic,Juva Pankhol,,,1,3,25,06:00,17:00,,,,,
01-03-2019,,Mesth Rampan Sangh,Rampan,,Indian Makerel,,Malvan,,1,1,3,7,02:00,06:00,,,,,
01-03-2019,,Narayan Todankar,Rampan,,Indian Makerel,,Malvan,,1,1,4,8,02:30,06:00,,,,,
02-03-2019,,Narayani Prasad,GillNet,,Indian Makerel,Pelagic,Malvan - North,,1,1,0.5,18,04:00,12:00,,,,,
02-03-2019,,Kalaki,GillNet,,Indian Makerel,Benthic,Malvan,,1,1,1,8,03:00,13:00,,,,,
06-03-2019,,Revta,GillNet,,Indian Makerel,Pelagic,Malvan,,1,1,1,4,04:00,06:30,,,,,
10-03-2019,,Devta,GillNet,,Lesser Sardine,Pelagic,Malvan,,1,1,0.5,6,04:30,07:00,,,,,
10-03-2019,,Laxmi Rawalnath,GillNet,,Lesser Sardine,Pelagic,Malvan,,1,1,1,7,03:00,07:30,,,,,
10-03-2019,,Somnia,Trawler,,Prawns,Benthic,Nivati lighthouse,,,1,3,22,06:00,05:30,,,,,
10-03-2019,,Somnia,Trawler,,Prawns,Benthic,Nivati lighthouse,,,1,3,22,06:00,05:30,,,,,
12-03-2019,,Prathamesh,Trawler,,Prawns,Benthic,Achara,,3,3,4,18,06:00:00,17:30:00,,,Yes,8,Curtus & hooked nose
12-03-2019,,Sai Siddhesh,Trawler,,Prawns,Benthic,Malvan,,2,4,3,19,06:00:00,17:30:00,,,Yes,4,Curtus
12-03-2019,,Sateri,Trawler,,Prawns,Benthic,Malvan,,3,3,3,15,06:00:00,17:30:00,,,Yes,3,Hooked nose
13-03-2019,,Vaishya Rani,GillNet,,Lesser Sardine,Pelagic,Malvan,,1,1,0.5,10,04:00,07:00,,,,,
13-03-2019,,Vaishnavi,GillNet,,Lesser Sardine,Pelagic,Malvan,,1,1,0.5,10,04:00:00,07:00:00,,,Yes,1,
15-03-2019,,Shree-Morjai Prasanna,GillNet,,Lesser Sardine,Pelagic,Malvan,,1,1,,5,04:30,07:00,,,,,
15-03-2019,,Laxmi Rawalnath,GillNet,,Lesser Sardine,Pelagic,Malvan,,1,1,0.5,6,04:30,07:15,,,,,
15-03-2019,,Omkar,Trawler,,Prawns,Benthic,Devbag,,2,3,3,19,06:00:00,17:30:00,,,Yes,5,Curtus & hooked nose
17-03-2019,,Mahalsxmi Sagar,Trawler,,Prawns,Benthic,Devbag,,2,4,4,22,06:00:00,17:30:00,,,Yes,3,Hooked nose
20-03-2019,,Maha Ganpati,Trawler,,Prawns,Benthic,Malvan,,2,3,3,20,06:00:00,17:30:00,,,Yes,3,Hooked nose
22-03-2019,,Vetoba,Trawler,,Prawns,Benthic,Malvan,,2,3,4,18,06:00:00,17:30:00,,,Yes,2,Hooked nose
22-03-2019,,Omkar 2,Trawler,,Prawns,Benthic,Devgad,,2,3,3,12,06:00:00,17:30:00,,,Yes,4,Curtus & hooked nose
24-03-2019,,Dhanalaxmi,Trawler,,Prawns,Benthic,Juva Pankhol,,2,3,3,20,06:00:00,17:30:00,,,Yes,6,Curtus & hooked nose
24-03-2019,,Vetoba,Trawler,,Prawns,Benthic,Juva Pankhol,,2,3,4,15,06:00:00,17:30:00,,,No,,
26-03-2019,,Chintamani,Trawler,,Prawns,Benthic,Malvan,,2,3,3,13,06:00:00,17:30:00,,,Yes,4,Hooked nose
26-03-2019,,Gandharva,Trawler,,Prawns,Benthic,Malvan,,3,3,4,16,06:00:00,17:30:00,,,Yes,2,Hooked nose
03-04-2019,,Bhadrakali,GillNet,,Indian Makerel,Benthic,Malvan,,1,1,1,17,04:30,08:30,,,,,
03-04-2019,,Laxmi Rawalnath,GillNet,,Crabs,Benthic,Tarkarli,,1,1,0.25,4,11:00,04:30,,,,,
23-04-2019,,Shree Gajanan,Trawler,,Pomfret,Pelagic,Juva Pankhol,,2,3,3,16,06:00:00,17:30:00,,,Yes,3,Hooked nose
23-04-2019,,Matoshree,Trawler,,Pomfret,Pelagic,Malvan,,3,3,2.5,18,06:00:00,17:30:00,,,Yes,4,Curtus & hooked nose
25-04-2019,,Bhadrakali,GillNet,,Indian Makerel,Pelagic,Malvan,,1,1,0.5,4,03:00:00,06:30:00,,,,,
26-04-2019,,Somnia,Trawler,,Prawns,Benthic,Kavada Rock,,,1,3,19,06:00:00,17:30:00,,,,,
26-04-2019,,Jal Prabha 06,GillNet,,Indian Makerel,Benthic,Tarkarli,,1,1,0.5,2,04:00:00,07:15:00,,,,,
26-04-2019,,Sukhkarta,GillNet,,Indian Makerel,Pelagic,Tarkarli,,1,1,2,4,04:00:00,07:40:00,,,,,
26-04-2019,,Sukhkarta,GillNet,,Indian Makerel,Pelagic,Tarkarli,,1,1,2,4,04:00:00,07:40:00,,,,,
27-04-2019,,Prathamesh,GillNet,,Lesser Sardine,Pelagic,Malvan,,1,1,1,5,04:00:00,07:30:00,,,,,
27-04-2019,,Suyog,GillNet,,Indian Makerel,Pelagic,Devbag,,1,1,1,5,02:00:00,07:00:00,,,,,
28-04-2019,,Sateri,GillNet,,Lesser Sardine,Pelagic,Malvan,,1,1,0.25,10,03:00:00,07:30:00,,,,,
28-04-2019,,Swamini,GillNet,,Lesser Sardine,Pelagic,Achara,,1,1,1,8,03:00:00,07:30:00,,,,,
28-04-2019,,Raj laxmi,GillNet,,Indian Makerel,Pelagic,Devbag,,1,1,2,3,03:00:00,07:30:00,,,,,
28-04-2019,,Shravani,GillNet,,Indian Makerel,Pelagic,Malvan,,1,1,0.25,5,04:30:00,08:00:00,,,,,
30-04-2019,,Omkar,Trawler,,Prawns,Benthic,Vengurla,,2,4,3,13,06:00:00,17:30:00,,,Yes,7,Curtus & hooked nose
30-04-2019,,Somnia,Trawler,,Prawns,Benthic,Achara,,2,3,3,15,06:00:00,17:30:00,,,No,,Less catch
01-05-2019,,Prathamesh,Trawler,,Prawns,Benthic,Kochare,,2,3,2,15,06:00:00,17:30:00,,,Yes,6,Curtus
01-05-2019,,Sagar Laxmi,Trawler,,Prawns,Benthic,Achara,,2,3,3,16,06:00:00,17:30:00,,,Yes,3,Curtus
03-05-2019,,Kelbai,Trawler,,Pomfret,Pelagic,Juva Pankhol,,4,4,3,16,06:00:00,17:30:00,,,Yes,2,Hooked nose
03-05-2019,,Sateri,Trawler,,Prawns,Benthic,Devgad,,2,3,3,10,06:00:00,17:30:00,,,No,,
05-05-2019,,Mahalaxmi,Trawler,,Prawns,Benthic,Devgad,,2,4,4,22,06:00:00,17:30:00,,,Yes,3,Curtus
05-05-2019,,Vishnudatta,Trawler,,Prawns,Benthic,Devgad,,3,3,3,20,06:00:00,17:30:00,,,Yes,4,Curtus & hooked nose
07-05-2019,,Dhanalaxmi,Trawler,,Prawns,Benthic,Juva Pankhol,,2,3,3,30,06:00:00,17:30:00,,,Yes,8,Curtus & hooked nose
09-05-2019,,Audumbar,Trawler,,Prawns,Benthic,Juva Pankhol,,3,4,3,14,06:00:00,17:30:00,,,Yes,3,Hooked nose
09-05-2019,,Chintamani,Trawler,,Prawns,Benthic,Malvan,,2,3,3,15,06:00:00,17:30:00,,,Yes,2,Hooked nose
01.04.18,,Gajannan Maharaj,Trawler,Yes,Chalu,Bottom Trawl,Malvan,,1,NA,,13,,,,30,No,,"2 hauls only, 3 hours each. Less catch"
01.04.18,,Shreepad Vallabh,Trawler,Yes,Chalu,Bottom Trawl,Vengurla,,2,NA,,15.5,,,,,,,
02.04.18,,Gajannan Maharaj,Trawler,No,,,,,0,NA,,NA,,,,,,,No fishing - boat maintenance
02.05.18,,Gajannan Maharaj,Trawler,Yes,Chalu,Bottom Trawl,Achara,,2,NA,,17.5,,,,174.5,No,,"No LVB. 3 hauls per day, 4 hours each"
02.05.18,,Shreepad Vallabh,Trawler,Yes,Chalu,Bottom Trawl,Malvan,,2,NA,,8.5,,,,,Yes,1,"1 large dead snake caught, discarded"
03.03.18,,Dhanalaxmi,Trawler,No,,,,,,NA,,NA,,,,,,,
03.04.18,,Dhanalaxmi,Trawler,Yes,Chalu,Bottom Trawl,Malvan,,1,NA,,10,,,,,Yes,12,"All dead, night fishing"
04.01.18,,Shreepad Vallabh,Trawler,Yes,Shrimp,Bottom Trawl,,,,NA,,NA,,,,,Yes,9,
04.01.18,,Gajannan Maharaj,Trawler,Yes,Shrimp,Bottom Trawl,,,,NA,,NA,,,,,Yes,5,
05.01.18,,Shreepad Vallabh,Trawler,Yes,Shrimp,Bottom Trawl,,,,NA,,NA,,,,,Yes,,Snakes discarded
05.03.18,,Dhanalaxmi,Trawler,Yes,Shrimp,Bottom Trawl,Tondavali,,2,NA,,NA,,,,,Yes,,squid+
05.04.18,,Gajannan Maharaj,Trawler,Yes,Chalu,Bottom Trawl,Malvan,,1,NA,,10,,,,98,Yes,2,"2 hauls, 3 hours. Live snakes caught and released"
05.04.18,,Shreepad Vallabh,Trawler,Yes,Chalu,Bottom Trawl,Achara,,2,NA,,10.5,,,,,No,,
06.01.18,,Gajannan Maharaj,Trawler,Yes,Shrimp,Bottom Trawl,,,2,NA,,NA,,,,,-,,Back from a 2-day fishing trip
06.01.18,,Shreepad Vallabh,Trawler,Yes,Shrimp,Bottom Trawl,,,,NA,,NA,,,,,Yes,,Snakes discarded
06.02.18,,Gajannan Maharaj,Trawler,Yes,Shrimp,Bottom Trawl,,,3,NA,,NA,,,,,No,,
06.03.18,,Shreepad Vallabh,Trawler,Yes,Chalu,Bottom Trawl,Malvan,,2,NA,,15.5,,,,,Yes,6,"white, squid+"
06.04.18,,Shreepad Vallabh,Trawler,No,,,,,,NA,,NA,,,,,,,Bad report/less fish catch
06.04.18,,Dhanalaxmi,Trawler,No,,,,,,NA,,NA,,,,,,,Just back from Devgad after police check
07.02.18,,Shreepad Vallabh,Trawler,Yes,,,,,,NA,,NA,,,,,Yes,2,
07.02.18,,Dhanalaxmi,Trawler,Yes,,,,,,NA,,NA,,,,,Yes,2,
07.03.18,,Dhanalaxmi,Trawler,Yes,Chalu,Bottom Trawl,Tondavali,,2,NA,,8,,,,,Yes,8,"Lape,fish+"
07.05.18,,Dhanalaxmi,Trawler,Yes,Chalu,Bottom Trawl,Vengurla,,2,NA,,20,,,,,No,,"100kg shrimp in catch, some big eels"
08.03.18,,Shreepad Vallabh,Trawler,Yes,Chalu,Bottom Trawl,Devgad,,2,NA,,12,,,,,No,,Lep++
08.04.18,,Dhanalaxmi,Trawler,Yes,?Disco,Demersal Trawl,Vengurla,,2,NA,,40,,,,,No,,"3 hauls per day, 3 hours. ++Nemipterus, 2-3 rays, 1 bamboo shark, some ponyfish"
08.05.18,,Dhanalaxmi,Trawler,No,,,,,0,NA,,NA,,,,,,,Selling previous day's catch in the morning auction
09.01.18,,Shreepad Vallabh,Trawler,Yes,Shrimp,Bottom Trawl,,,3,NA,,NA,,,,,Yes,1,Back from a 3-day fishing trip. One HC caught on last day
09.02.18,,Gajannan Maharaj,Trawler,Yes,Disco,Demersal Trawl,,,3,NA,,NA,,,,,No,,Lape and squid caught
09.02.18,,Shreepad Vallabh,Trawler,Yes,Shrimp,Bottom Trawl,,,2,NA,,NA,,,,,No,,
09.02.18,,Sai Datt,Trawler,Yes,Chalu,Bottom Trawl,,,2,NA,,NA,,,,,,,Many lape
09.02.18,,Dhanalaxmi,Trawler,Yes,Tiny,Bottom Trawl,,,5,NA,,NA,,,,,Yes,,Squid caught
09.03.18,,Shreepad Vallabh,Trawler,Yes,Chalu,Bottom Trawl,Malvan,,3,NA,,15.5,,,,,No,,"Shrip,squid,lape+"
09.03.18,,Gajannan Maharaj,Trawler,Yes,Chalu,Bottom Trawl,Malvan,,3,NA,,14.5,,,,,,,
09.03.18,,Dhanalaxmi,Trawler,Yes,Chalu,Bottom Trawl,Malvan,,2,NA,,20,,,,,No,,"Shrimp,lape,finfish+"
09.03.18,,Gajannan Maharaj,Trawler,Yes,Chalu,Bottom Trawl,Devgad,,2,NA,,17.5,,,,,No,,
09.05.18,,Gajannan Maharaj,Trawler,Yes,Chalu,Bottom Trawl,Malvan,,2,NA,,17.5,,,,199,No,,"3 hauls per day, 3 hours each"
09.05.18,,Shreepad Vallabh,Trawler,Yes,Chalu,Bottom Trawl,Devgad,,2,NA,,8.5,,,,91,No,,7 hauls in total. No LVB
10.01.18,,Dhanalaxmi,Trawler,Yes,,,Ratnagiri,,,NA,,25,,,,,Yes,2,
10.03.18,,Gajannan Maharaj,Trawler,Yes,Chalu,Bottom Trawl,Devbag,,1,NA,,16.5,,,,,,,
10.03.18,,Dhanalaxmi,Trawler,Yes,Chalu,Bottom Trawl,Devgad,,2,NA,,16.5,,,,,No,,"No snakes, less catch in general"
10.05.18,,Dhanalaxmi,Trawler,Yes,Chalu,Bottom Trawl,Achara,,2,NA,,15,,,,,Yes,2,"2 snakes caught on day 2. One escaped, other was brought back alive but could not be collected. 2 nets broke while fishing?? ++ shrimp"
10.05.18,,Gajannan Maharaj,Trawler,Yes,Chalu,Bottom Trawl,Malvan,,1,NA,,10,,,,,No,,Only 2 hauls
11.01.18,,Shreepad Vallabh,Trawler,Yes,,,,,,NA,,NA,,,,,Yes,2,
11.01.18,,Gajannan Maharaj,Trawler,Yes,,,,,,NA,,NA,,,,,Yes,2,
11.01.18,,Dhanalaxmi,Trawler,No,,,,,,NA,,NA,,,,,,,
11.02.18,,Shreepad Vallabh,Trawler,Yes,Shrimp,Bottom Trawl,,,2,NA,,NA,,,,,,,
11.02.18,,Dhanalaxmi,Trawler,Yes,Chalu,Bottom Trawl,,,1,NA,,6,,,,,Yes,25,Near shore
11.02.18,,Sai Datt,Trawler,Yes,,,,,2,NA,,NA,,,,,,,
11.03.18,,Dhanalaxmi,Trawler,Yes,Chalu,Bottom Trawl,Malvan,,2,NA,,20,,,,,No,,lape++
11.03.18,,Gajannan Maharaj,Trawler,Yes,Chalu,Bottom Trawl,Achara,,2,NA,,15,,,,,No,,Lots of catch
11.03.18,,Shreepad Vallabh,Trawler,Yes,Chalu,Bottom Trawl,Mithbav,,2,NA,,10.5,,,,186,No,,Some nemipterus in the catch
12.02.18,,Dhanalaxmi,Trawler,Yes,,,Tondavali,,1,NA,,NA,,,,,Yes,,Near shore
12.03.18,,Dhanalaxmi,Trawler,Yes,,,Malvan,,1,NA,,12,,,,,Yes,7,"minor catch, mechanical problem"
12.03.18,,Gajannan Maharaj,Trawler,Yes,Chalu,Bottom Trawl,Malvan,,2,NA,,NA,,,,,,,
12.03.18,,Shreepad Vallabh,Trawler,Yes,Chalu,Bottom Trawl,Malvan,,2,NA,,15.5,,,,250,Yes,,
12.05.18,,Dhanalaxmi,Trawler,Yes,Chalu,Bottom Trawl,Achara,,2,NA,,13.5,,,,,Yes,3,"3 dead snakes caught, discarded. Came back early on day 2. 3 hauls in total, hauled at night as well"
12.05.18,,Gajannan Maharaj,Trawler,Yes,Chalu,Bottom Trawl,Malvan,,2,NA,,16,,,,,No,,
12.05.18,,Shreepad Vallabh,Trawler,No,,,,,0,NA,,NA,,,,,,,"No fishing, were having ice cream in the morning"
12.11.18,,Om sai,Trawler,Yes,Disco,Demersal Trawl,Juva Pankhol,,1,NA,,11,,,,,No,,
14.01.18,,Shreepad Vallabh,Trawler,Yes,,,,,1,NA,,NA,,,,,-,,
14.01.18,,Dhanalaxmi,Trawler,Yes,,,Panjim,,3,NA,,NA,,,,,Yes,5,
14.03.18,,Shreepad Vallabh,Trawler,Yes,Chalu,Bottom Trawl,Devgad,,2,NA,,20,,,,,No,,
14.03.18,,Gajannan Maharaj,Trawler,Yes,Chalu,Bottom Trawl,Malvan,,2,NA,,20,,,,,No,,
14.03.18,,Dhanalaxmi,Trawler,Yes,Chalu,Bottom Trawl,Malvan,,2,NA,,20,,,,,Yes,3,"2 day hauls, 2 night hauls, snakes discarded"
14.04.18,,Shreepad Vallabh,Trawler,Yes,Chalu,Bottom Trawl,Devgad,,3,NA,,20,,,,,Yes,2,"Snakes were alive, released"
15.04.18,,Shreepad Vallabh,Trawler,No,,,,,0,NA,,NA,,,,,,,
16.01.18,,Shreepad Vallabh,Trawler,Yes,Shrimp,Bottom Trawl,,,2,NA,,NA,,,,,No,,"Back from 2-day fishing trip, caught squid and ribbon fish also"
16.03.18,,Dhanalaxmi,Trawler,Yes,Chalu,Bottom Trawl,Malvan,,2,NA,,11,,,,,Yes,1,"Chalu,white,small fish+"
17.01.18,,Gajannan Maharaj,Trawler,Yes,Shrimp,Bottom Trawl,,,2,NA,,NA,,,,,No,,
17.02.18,,Shreepad Vallabh,Trawler,Yes,Shrimp,Bottom Trawl,,,2,NA,,NA,,,,,,,
17.02.18,,Sai Datt,Trawler,Yes,Shrimp,Bottom Trawl,,,2,NA,,NA,,,,,,,
17.02.18,,Dhanalaxmi,Trawler,No,,,,,,NA,,NA,,,,,,,Boat painting
17.03.18,,Shreepad Vallabh,Trawler,Yes,Chalu,Bottom Trawl,Malvan,,3,NA,,13.5,,,,,Yes,,"squid,shrimp,lape,fish+"
17.03.18,,Gajannan Maharaj,Trawler,Yes,Chalu,Bottom Trawl,Devgad,,3,NA,,20,,,,,,,"Kattu++,lape+"
17.04.18,,Vignarth,Trawler,Yes,Disco/Chalu,Mix Trawl,Vengurla,,3,NA,,20,,,,,No,,
17.04.18,,Dhanalaxmi,Trawler,Yes,Chalu,Bottom Trawl,Achara,,3,NA,,15.5,,,,,Yes,4,"snakes died, discarded"
17.04.18,,Gajannan Maharaj,Trawler,Yes,Chalu,Bottom Trawl,Achara,,2,NA,,10,,,,90,No,,"3+2 hauls, 3 hours each. Lagocephalus inermis taken for SIA sample"
18.01.18,,Shreepad Vallabh,Trawler,Yes,Shrimp,Bottom Trawl,,,,NA,,NA,,,,,Yes,1,Brought back 1 gravid female from the 17th
18.04.18,,Shreepad Vallabh,Trawler,Yes,Chalu,Bottom Trawl,Malvan,,2,NA,,10,,,,61,No,,2 M. gerrardi in catch. 4+3 hauls
19.01.18,,Gajannan Maharaj,Trawler,Yes,,,Malvan,,2,NA,,NA,,,,,No,,
19.02.18,,Dhanalaxmi,Trawler,Yes,Shrimp,Bottom Trawl,,,2,NA,,NA,,,,,Yes,,Caught white
19.02.18,,Shreepad Vallabh,Trawler,Yes,Shrimp,Bottom Trawl,,,2,NA,,NA,,,,,,,Caught lape
19.02.18,,Gajannan Maharaj,Trawler,No,,,,,,NA,,NA,,,,,,,
20.01.18,,Dhanalaxmi,Trawler,Yes,,,,,,NA,,NA,,,,,Yes,2,
20.03.18,,Shreepad Vallabh,Trawler,Yes,Chalu,Bottom Trawl,Malvan,,1,NA,,12.5,,,,40,,,"2 hauls, 2.5 hours each, less catch because of wind"
20.04.18,,Gajannan Maharaj,Trawler,Yes,Chalu,Bottom Trawl,Malvan,,2,NA,,22.5,,,,,Yes,1,"1 dead snake caught on day 1, discarded"
21.01.18,,Shreepad Vallabh,Trawler,Yes,,,,,,NA,,NA,,,,,No,,
21.04.18,,Shreepad Vallabh,Trawler,Yes,Chalu,Bottom Trawl,,,2,NA,,17.5,,,,,No,,Fished at night
21.04.18,,Dhanalaxmi,Trawler,Yes,Chalu,Bottom Trawl,Malvan,,1,NA,,22,,,,,No,,Lep++
21.04.18,,Gajannan Maharaj,Trawler,No,,,,,0,NA,,NA,,,,,,,No fishing - Tandeil went back to village
22.02.18,,Dhanalaxmi,Trawler,Yes,Squid,Demersal Trawl,,,2,NA,,NA,,,,,Yes,,Trip cut short due to engine trouble
22.02.18,,Shreepad Vallabh,Trawler,Yes,Shrimp,Bottom Trawl,,,2,NA,,NA,,,,,,,lape+
22.04.18,,Gajannan Maharaj,Trawler,Yes,Chalu,Bottom Trawl,Malvan,,1,NA,,NA,,,,,No,,"Cast one haul only, 30 minutes. Too much wind"
22.04.18,,Shreepad Vallabh,Trawler,No,,,,,0,NA,,NA,,,,,,,No fishing - boat maintenance
22.04.18,,Dhanalaxmi,Trawler,No,,,,,0,NA,,NA,,,,,,,No fishing - too much wind
23.01.18,,Gajannan Maharaj,Trawler,Yes,Large Fish,Demersal Trawl,,,4,NA,,35,,,,,,,
23.01.18,,Dhanalaxmi,Trawler,Yes,Shrimp,Bottom Trawl,,,3,NA,,40,,,,,,,
23.03.18,,Shreepad Vallabh,Trawler,Yes,Chalu,Bottom Trawl,Malvan,,2,NA,,19.5,,,,166,,,"1 haul on day 1 (1.5 hours), 2 hauls day 2 (2.5 hours). Some nemipterus in the catch"
24.01.18,,Shreepad Vallabh,Trawler,Yes,Tiny,Bottom Trawl,,,3,NA,,NA,,,,250,No,,
24.02.18,,Shreepad Vallabh,Trawler,Yes,Shrimp,Bottom Trawl,,,2,NA,,NA,,,,,Yes,6,"White, squid+"
24.02.18,,Gajannan Maharaj,Trawler,Yes,Shrimp,Bottom Trawl,,,8,NA,,NA,,,,,,,lape+
24.03.18,,Shreepad Vallabh,Trawler,Yes,Chalu,Bottom Trawl,,,1,NA,,12,,,,,,,"2 hauls, 3 hours each"
24.03.18,,Gajannan Maharaj,Trawler,Yes,Chalu,Bottom Trawl,Devgad,,3,NA,,15.5,,,,74,No,,"1 haul on day 1 (2 hours), no fishing on day 2 because of wind, 2  hauls on day 3 (2.5 hours). Less catch, little lep"
25.01.18,,Shreepad Vallabh,Trawler,Yes,,,,,1,NA,,NA,,,,,Yes,1,
25.01.18,,Gajannan Maharaj,Trawler,Yes,,,,,2,NA,,NA,,,,,No,,
25.02.18,,Dhanalaxmi,Trawler,Yes,Shrimp,Bottom Trawl,Malvan,,2,NA,,21,,,,,No,,lape+
26.04.18,,Shreepad Vallabh,Trawler,Yes,Chalu,Bottom Trawl,Devbag,,2,NA,,16.5,,,,230,No,,"3 hauls per day, 3 hours."
26.04.18,,Gajannan Maharaj,Trawler,Yes,Chalu,Bottom Trawl,Malvan,,2,NA,,16,,,,,No,,"1 haul on day 1, 3 on day 2. 2 hours each"
26.04.18,,Dhanalaxmi,Trawler,Yes,,,,,2,NA,,NA,,,,,Yes,05-Jun,Snakes discarded
27.01.18,,Shreepad Vallabh,Trawler,Yes,,,,,2,NA,,NA,,,,,No,,
27.01.18,,Gajannan Maharaj,Trawler,Yes,,,,,3,NA,,NA,,,,,No,,
27.01.18,,Dhanalaxmi,Trawler,Yes,,,,,2,NA,,NA,,,,,Yes,7,
27.03.18,,Dhanalaxmi,Trawler,Yes,Chalu,Bottom Trawl,Vengurla,,2,NA,,25,,,,,Yes,1,"4 hauls on day 1, 2 on day 2. 1 snake caught on day 1, released. +++ rays in catch"
27.03.18,,Shreepad Vallabh,Trawler,Yes,Chalu,Bottom Trawl,Devbag,,2,NA,,15,,,,,,,
27.04.18,,Dhanalaxmi,Trawler,No,,,,,0,NA,,NA,,,,,,,No fishing  - boat maintenance
28.01.18,,Shreepad Vallabh,Trawler,Yes,,,,,1,NA,,NA,,,,,Yes,3,
28.01.18,,Dhanalaxmi,Trawler,Yes,,,,,1,NA,,NA,,,,,Yes,1,
28.01.18,,Gajannan Maharaj,Trawler,No,,,,,,NA,,NA,,,,,,,
28.03.18,,Shreepad Vallabh,Trawler,Yes,Chalu,Bottom Trawl,Malvan,,1,NA,,12.5,,,,66,,,Only 2 hauls of 3 hours each. Came back early because the tandeil had to return to his village for some emergency. Some pompfret in catch
28.04.18,,Gajannan Maharaj,Trawler,Yes,Mixed,Mix Trawl,Devgad,,2,NA,,32.5,,,,144,No,,"1 haul disco net, 3 hauls chalu per day, 4 hours each"
28.04.18,,Shreepad Vallabh,Trawler,Yes,Mixed,Mix Trawl,,,2,NA,,12.5,,,,,No,,"1 haul disco net, 2 hauls chalu per day. +++ Squid"
28.04.18,,Dhanalaxmi,Trawler,No,,,,,0,NA,,NA,,,,,,,No fishing  - boat maintenance
29.01.18,,Shreepad Vallabh,Trawler,No,,,,,,NA,,NA,,,,,,,
29.01.18,,Dhanalaxmi,Trawler,No,,,,,,NA,,NA,,,,,,,Fisherman's meeting
29.03.18,,Gajannan Maharaj,Trawler,Yes,Chalu,Bottom Trawl,Devgad,,2,NA,,20,,,,223,No,,"3 hauls on day 1, 2 on day 2. 4 hours each. "
29.03.18,,Dhanalaxmi,Trawler,Yes,Chalu,Bottom Trawl,Vengurla,,2,NA,,20,,,,,Yes,9,"Disco Jal on day 1, chalu jal on day 2. Snakes caught in chalu. 2 hauls each, 2.5 hours. Lots of rays in the catch"
29.04.18,,Dhanalaxmi,Trawler,No,,,,,0,NA,,NA,,,,,,,No fishing  - boat maintenance
29.12.17,,Shreepad Vallabh,Trawler,Yes,Shrimp,Bottom Trawl,,,,NA,,NA,,,,,Yes,3,2 measured
30.01.18,,Shreepad Vallabh,Trawler,No,,,,,,NA,,NA,,,,,,,Fisherman's meeting
30.01.18,,Dhanalaxmi,Trawler,No,,,,,,NA,,NA,,,,,,,Fisherman's meeting
30.01.18,,Gajannan Maharaj,Trawler,No,,,,,,NA,,NA,,,,,,,Fisherman's meeting
30.03.18,,Shreepad Vallabh,Trawler,Yes,Chalu,Bottom Trawl,Malvan,,2,NA,,21.5,,,,,,,"4 hauls per day, 3 hours each"
30.03.18,,Gajannan Maharaj,Trawler,Yes,Chalu,Bottom Trawl,Devbag,,1,NA,,12.5,,,,,No,,2 rays in catch
30.04.18,,Shreepad Vallabh,Trawler,Yes,Chalu,Bottom Trawl,Malvan - North,,2,NA,,15.5,,,,182,No,,"4 hauls on day 1, 3 on day 2. No LVB - all discarded. ++ Shrimp"
30.04.18,,Gajannan Maharaj,Trawler,Yes,Chalu,Bottom Trawl,Malvan,,2,NA,,17,,,,,No,,Overall catch +++. 1 Megalaspis cordyla taken for prey sample
30.12.17,,Shreepad Vallabh,Trawler,Yes,Shrimp,Bottom Trawl,,,,NA,,NA,,,,,Yes,,Snakes discarded
31.12.17,,Shreepad Vallabh,Trawler,Yes,Shrimp,Bottom Trawl,,,,NA,,NA,,,,,Yes,2,
,,,,,,,,,,,,,,,,,,,
01-01-2018,,A,Trawler,NA,,,,,,NA,,NA,NA,NA,NA,,NA,NA,NA
01-02-2018,,Anand,Trawler,NA,Finfish,Mixed,,,3,NA,,NA,NA,NA,NA,,NA,NA,NA
01-02-2019,,Omkar2,Trawler,NA,Shrimp,Chalu,Kavada Rock,,2,3,3,NA,NA,NA,NA,,NA,NA,NA
01-03-2018,,Om Sai,Trawler,NA,Finfish,Fish - Disco,,,1,3,3.5,NA,NA,NA,NA,,NA,NA,NA
01-03-2019,,Agastamuni,Trawler,NA,Finfish,Fish - Disco,Vengurla,,5,3,3,NA,NA,NA,NA,,NA,NA,NA
01-04-2018,,Om Sai,Trawler,NA,Finfish,Fish - Disco,Vengurla,,1,3,,NA,NA,NA,NA,,NA,NA,NA
01-04-2019,,Badrakali,Trawler,NA,Shrimp,Chalu,Vengurla,,2,3,,NA,NA,NA,NA,,NA,NA,NA
01-11-2018,,Kelbai,Trawler,NA,Finfish,Fish - Disco,Devgad,,2,3,4,NA,NA,NA,NA,,NA,NA,NA
02-01-2019,,Hemavati,Trawler,NA,Shrimp,Chalu,Malvan,,2,3,3,NA,NA,NA,NA,,NA,NA,NA
02-02-2018,,Om Sai,Trawler,NA,Shrimp,Chalu,,,2,4,3,NA,NA,NA,NA,,NA,NA,NA
02-03-2018,,Mangal Moorthi,Trawler,NA,Mixed,Fish - Disco,,,3,3,3.5,NA,NA,NA,NA,,NA,NA,NA
02-03-2018,,Shreepad Vallabh,Trawler,NA,Shrimp,Chalu,,,2,3,2.25,NA,NA,NA,NA,,NA,NA,NA
02-05-2018,,Gajannan Maharaj,Trawler,NA,Shrimp,Chalu,Achara,,2,3,4,NA,NA,NA,NA,,NA,NA,NA
02-11-2018,,Vishaka,Trawler,NA,Finfish,Fish - Disco,Malvan - Devgad,,3,3,4,NA,NA,NA,NA,,NA,NA,NA
03-01-2018,,B,Trawler,NA,,,,,,NA,,NA,NA,NA,NA,,NA,NA,NA
03-05-2018,,Om Sai,Trawler,NA,Finfish,Fish - Disco,Vengurla,,1,4,,NA,NA,NA,NA,,NA,NA,NA
03-11-2018,,Shri Siddesh,Trawler,NA,Finfish,Fish - Disco,Malvan - North,,2,3,3,NA,NA,NA,NA,,NA,NA,NA
03-12-2018,,Ganadish,Trawler,NA,Finfish,Fish - Disco,Devgad,,4,3,4,NA,NA,NA,NA,,NA,NA,NA
04-01-2018,,C,Trawler,NA,,,,,,NA,,NA,NA,NA,NA,,NA,NA,NA
04-01-2019,,Soumya,Trawler,NA,Shrimp,Chalu,Juva Pankhol,,2,2.5,,NA,NA,NA,NA,,NA,NA,NA
04-02-2018,,Hemangi,Trawler,NA,Shrimp,Chalu,,,2,3,3,NA,NA,NA,NA,,NA,NA,NA
04-02-2018,,Mangal Moorthi,Trawler,NA,Mixed,Mixed,,,3,3,4,NA,NA,NA,NA,,NA,NA,NA
04-03-2019,,Kelbai,Trawler,NA,Shrimp,Chalu,Red,,2,3,,NA,NA,NA,NA,,NA,NA,NA
04-04-2018,,Badrakali,Trawler,NA,Shrimp,Chalu,Juva Pankhol,,2,3,3,NA,NA,NA,NA,,NA,NA,NA
04-04-2019,,Mansarovar,Trawler,NA,Shrimp,Chalu,Devgad,,3,3,3,NA,NA,NA,NA,,NA,NA,NA
05-02-2018,,Shreepad Vallabh,Trawler,NA,Shrimp,Chalu,,,2,4,2.5,NA,NA,NA,NA,,NA,NA,NA
05-02-2019,,Kohinoor,Trawler,NA,Finfish,Fish - Disco,Vengurla,,3,3,3,NA,NA,NA,NA,,NA,NA,NA
05-03-2018,,Mangal Moorthi,Trawler,NA,Finfish,Fish - Disco,,,3,3.5,4,NA,NA,NA,NA,,NA,NA,NA
05-04-2018,,Gajannan Maharaj,Trawler,NA,Shrimp,Chalu,Off Malvan,,1,2,3,NA,NA,NA,NA,,NA,NA,NA
05-12-2018,,Dolphin,Trawler,NA,Squid,Squid - Disco,Ratnagiri,,2,3,3,NA,NA,NA,NA,,NA,NA,NA
06-01-2018,,D,Trawler,NA,,,,,,NA,,NA,NA,NA,NA,,NA,NA,NA
06-01-2018,,E,Trawler,NA,Finfish,Fish - Disco,,,4,NA,,NA,NA,NA,NA,,NA,NA,NA
06-01-2018,,F,Trawler,NA,,,,,,NA,,NA,NA,NA,NA,,NA,NA,NA
06-02-2018,,Om Sai,Trawler,NA,Finfish,Fish - Disco,,,1,4,3,NA,NA,NA,NA,,NA,NA,NA
06-03-2018,,Shreepad Vallabh,Trawler,NA,Shrimp,Chalu,,,2,3,2.25,NA,NA,NA,NA,,NA,NA,NA
06-11-2018,,Pavnai,Trawler,NA,Finfish,Fish - Disco,Malvan,,3,3,2.5,NA,NA,NA,NA,,NA,NA,NA
06-12-2018,,Omkar2,Trawler,NA,Shrimp,Chalu,Malvan,,1,2,2,NA,NA,NA,NA,,NA,NA,NA
07-01-2018,,"Ekdant, Siddhivinayak",Trawler,NA,Squid,Squid - Disco,,,5.5,NA,,NA,NA,NA,NA,,NA,NA,NA
07-01-2018,,G,Trawler,NA,,,,,,NA,,NA,NA,NA,NA,,NA,NA,NA
07-01-2018,,H,Trawler,NA,,,,,,NA,,NA,NA,NA,NA,,NA,NA,NA
07-01-2018,,Pratamesh,Trawler,NA,Shrimp,Chalu,,,1,NA,,NA,NA,NA,NA,,NA,NA,NA
07-02-2019,,Krantiveer,Trawler,NA,Finfish,Fish - Disco,Malvan,,1,1,3,NA,NA,NA,NA,,NA,NA,NA
07-04-2018,,Gandharva,Trawler,NA,Finfish,Fish - Disco,Vengurla,,2,3,3,NA,NA,NA,NA,,NA,NA,NA
07-05-2018,,Om Sai,Trawler,NA,Mixed,Mixed,Vengurla,,2,4,,NA,NA,NA,NA,,NA,NA,NA
07-11-2018,,Lakshmi,Trawler,NA,Finfish,Fish - Disco,Sarjekot,,3,3,3,NA,NA,NA,NA,,NA,NA,NA
08-02-2018,,Om Sai,Trawler,NA,Finfish,Fish - Disco,,,2,4,3,NA,NA,NA,NA,,NA,NA,NA
08-03-2018,,Om Sai,Trawler,NA,Finfish,Fish - Disco,,,1,4,3,NA,NA,NA,NA,,NA,NA,NA
08-03-2019,,Siddaprasad,Trawler,NA,Finfish,Fish - Disco,Devgad,,3,NA,,NA,NA,NA,NA,,NA,NA,NA
08-04-2019,,Dhanalakshmi,Trawler,NA,Shrimp,Chalu,Achara,,2,3,3,NA,NA,NA,NA,,NA,NA,NA
09-01-2018,,Valjai/Valbai,Trawler,NA,Shrimp,Chalu,,,1,NA,,NA,NA,NA,NA,,NA,NA,NA
09-01-2019,,Vishaka,Trawler,NA,Finfish,Fish - Disco,Malvan,,4,3,3,NA,NA,NA,NA,,NA,NA,NA
09-02-2018,,Gajannan Maharaj,Trawler,NA,Squid,Squid - Disco,,,3,3,3.25,NA,NA,NA,NA,,NA,NA,NA
09-03-2018,,Gajannan Maharaj,Trawler,NA,Shrimp,Chalu,,,3,3,3,NA,NA,NA,NA,,NA,NA,NA
09-04-2018,,Om Sai,Trawler,NA,Finfish,Fish - Disco,Vengurla,,1,3,,NA,NA,NA,NA,,NA,NA,NA
09-05-2018,,Gajannan Maharaj,Trawler,NA,Shrimp,Chalu,Malvan,,2,3,3,NA,NA,NA,NA,,NA,NA,NA
09-05-2018,,Shreepad Vallabh,Trawler,NA,Shrimp,Chalu,Devgad,,2,3.5,,NA,NA,NA,NA,,NA,NA,NA
09-11-2018,,Kelbai,Trawler,NA,,,,,2,3,3,NA,NA,NA,NA,,NA,NA,NA
10-02-2018,,Om Sai,Trawler,NA,Finfish,Fish - Disco,,,1,3,3,NA,NA,NA,NA,,NA,NA,NA
10-02-2019,,Akash,Trawler,NA,Shrimp,Chalu,Malvan,,1,2,,NA,NA,NA,NA,,NA,NA,NA
11-02-2018,,Shreepad Vallabh,Trawler,NA,Shrimp,Chalu,,,2,3,2.25,NA,NA,NA,NA,,NA,NA,NA
11-02-2019,,Soumya,Trawler,NA,Shrimp,Chalu,Malvan - Kavada Rock,,2,3,,NA,NA,NA,NA,,NA,NA,NA
11-03-2019,,Badrakali,Trawler,NA,Shrimp,Chalu,Achara,,2,2.5,,NA,NA,NA,NA,,NA,NA,NA
11-04-2018,,Shreepad Vallabh,Trawler,NA,Shrimp,Chalu,Mithbav,,2,NA,,NA,NA,NA,NA,,NA,NA,NA
11-11-2018,,Om Sai,Trawler,NA,Finfish,Fish - Disco,Juva Pankhol,,1,3,3,NA,NA,NA,NA,,NA,NA,NA
11-12-2018,,Dhanalakshmi,Trawler,NA,Shrimp,Chalu,Devgad,,1,2,3,NA,NA,NA,NA,,NA,NA,NA
12-03-2018,,Shreepad Vallabh,Trawler,NA,Shrimp,Chalu,Off Malvan,,2,3,3,NA,NA,NA,NA,,NA,NA,NA
12-12-2018,,Omkar Ishwar,Trawler,NA,Finfish,Fish - Disco,Malvan,,1,2,4,NA,NA,NA,NA,,NA,NA,NA
13-02-2019,,Mansarovar,Trawler,NA,Finfish,Fish - Disco,Malvan,,3,2,4.5,NA,NA,NA,NA,,NA,NA,NA
13-03-2018,,Om Sai,Trawler,NA,Finfish,Fish - Disco,Vengurla,,1,4,3,NA,NA,NA,NA,,NA,NA,NA
13-03-2019,,Chintamani,Trawler,NA,Shrimp,Chalu,Malvan,,1,3,3.25,NA,NA,NA,NA,,NA,NA,NA
13-11-2018,,Gandharva,Trawler,NA,Finfish,Fish - Disco,Malvan - North,,3,3,3,NA,NA,NA,NA,,NA,NA,NA
14-02-2018,,Gajannan Maharaj,Trawler,NA,Shrimp,Chalu,,,3,3,3,NA,NA,NA,NA,,NA,NA,NA
15-03-2018,,Om Sai,Trawler,NA,Finfish,Fish - Disco,Vengurla,,1,4,3,NA,NA,NA,NA,,NA,NA,NA
15-03-2019,,Kohinoor,Trawler,NA,Finfish,Fish - Disco,Vengurla,,3,3,3,NA,NA,NA,NA,,NA,NA,NA
15-04-2018,,Badrakali,Trawler,NA,Shrimp,Chalu,Off Malvan,,2,2.5,3,NA,NA,NA,NA,,NA,NA,NA
15-11-2018,,Dwarkadish,Trawler,NA,Shrimp,Chalu,Achara,,2,3,3,NA,NA,NA,NA,,NA,NA,NA
16-01-2018,,J,Trawler,NA,,,,,,NA,,NA,NA,NA,NA,,NA,NA,NA
16-02-2018,,Omkar,Trawler,NA,Shrimp,Chalu,,,2,3,,NA,NA,NA,NA,,NA,NA,NA
16-11-2018,,Om Sai,Trawler,NA,Shrimp,Chalu,,,1,NA,,NA,NA,NA,NA,,NA,NA,NA
17-01-2019,,Kelbai,Trawler,NA,Shrimp,Chalu,Malvan,,2,3,3,NA,NA,NA,NA,,NA,NA,NA
17-02-2018,,Om Sai,Trawler,NA,Finfish,Fish - Disco,,,1,3,3,NA,NA,NA,NA,,NA,NA,NA
17-03-2018,,Gajannan Maharaj,Trawler,NA,Shrimp,Chalu,Devgad,,3,3,3,NA,NA,NA,NA,,NA,NA,NA
17-04-2018,,Gajannan Maharaj,Trawler,NA,Shrimp,Chalu,Achara,,2,2.5,3,NA,NA,NA,NA,,NA,NA,NA
17-04-2019,,Dhanalakshmi2,Trawler,NA,Shrimp,Chalu,Malvan,,2,3,,NA,NA,NA,NA,,NA,NA,NA
18-01-2018,,Hemavati,Trawler,NA,Shrimp,Chalu,,,2,NA,,NA,NA,NA,NA,,NA,NA,NA
18-03-2018,,Hemavati,Trawler,NA,Shrimp,Chalu,Devgad,,2,3,3,NA,NA,NA,NA,,NA,NA,NA
18-03-2019,,Badrakali,Trawler,NA,Shrimp,Chalu,Achara,,2,2.5,,NA,NA,NA,NA,,NA,NA,NA
18-04-2018,,Shreepad Vallabh,Trawler,NA,Shrimp,Chalu,Off Malvan,,2,3.5,,NA,NA,NA,NA,,NA,NA,NA
18-12-2018,,Dwarkadish,Trawler,NA,Shrimp,Chalu,Malvan,,1,3,2,NA,NA,NA,NA,,NA,NA,NA
19-01-2018,,Mahalakshmi,Trawler,NA,Finfish,Fish - Disco,,,3,NA,,NA,NA,NA,NA,,NA,NA,NA
19-02-2018,,Shreepad Vallabh,Trawler,NA,Shrimp,Chalu,,,1,3,2.5,NA,NA,NA,NA,,NA,NA,NA
19-02-2019,,Audumbar,Trawler,NA,,,Malvan,,2,3.5,3.5,NA,NA,NA,NA,,NA,NA,NA
19-04-2019,,Vishaka,Trawler,NA,Shrimp,Chalu,Devgad,,3,NA,,NA,NA,NA,NA,,NA,NA,NA
19-10-2018,,Omkar,Trawler,NA,Finfish,Fish - Disco,Vengurla,,1,4,3.5,NA,NA,NA,NA,,NA,NA,NA
19-11-2018,,Vittal Krupa,Trawler,NA,Shrimp,Chalu,Kavada Rock,,2,3,3,NA,NA,NA,NA,,NA,NA,NA
20-01-2018,,Judith,Trawler,NA,Shrimp,Chalu,,,3,NA,,NA,NA,NA,NA,,NA,NA,NA
20-01-2018,,N,Trawler,NA,,,,,,NA,,NA,NA,NA,NA,,NA,NA,NA
20-03-2018,,Shreepad Vallabh,Trawler,NA,Shrimp,Chalu,Off Malvan,,1,2,2.5,NA,NA,NA,NA,,NA,NA,NA
20-12-2018,,Kanchan Mala,Purse seine,NA,Finfish,Purse seine,Malvan,,3,NA,,NA,NA,NA,NA,,NA,NA,NA
20-12-2018,,Hemavati,Trawler,NA,Shrimp,Chalu,Vengurla,,2,3,3,NA,NA,NA,NA,,NA,NA,NA
21-01-2018,,Pratamesh,Trawler,NA,Shrimp,Chalu,,,1,NA,,NA,NA,NA,NA,,NA,NA,NA
21-01-2018,,Shree Siddhivinayak,Trawler,NA,Finfish,Fish - Disco,,,3,NA,,NA,NA,NA,NA,,NA,NA,NA
21-01-2018,,Shreepad Vallabh,Trawler,NA,Squid,Squid - Disco,,,3,NA,,NA,NA,NA,NA,,NA,NA,NA
21-02-2019,,Shri Ganesh,Trawler,NA,Finfish,Fish - Disco,Malvan,,4,3,,NA,NA,NA,NA,,NA,NA,NA
21-03-2019,,Nageshwar Prasad,Trawler,NA,Finfish,Fish - Disco,,,,NA,,NA,NA,NA,NA,,NA,NA,NA
21-04-2018,,Om Sai,Trawler,NA,Finfish,Fish - Disco,Vengurla,,1,4,2.75,NA,NA,NA,NA,,NA,NA,NA
21-10-2018,,Hemavati,Trawler,NA,Finfish,Fish - Disco,Malvan,,2,3.5,2,NA,NA,NA,NA,,NA,NA,NA
22-03-2018,,Om Sai,Trawler,NA,Shrimp,Chalu,Devgad,,1,2,3,NA,NA,NA,NA,,NA,NA,NA
23-01-2018,,Gajannan Maharaj,Trawler,NA,Squid,Squid - Disco,,,4,NA,,NA,NA,NA,NA,,NA,NA,NA
23-01-2018,,Saumi,Trawler,NA,Squid,Squid - Disco,,,2,NA,,NA,NA,NA,NA,,NA,NA,NA
23-02-2019,,Wagdai Prasann,Trawler,NA,Shrimp,Chalu,Malvan,,2,NA,,NA,NA,NA,NA,,NA,NA,NA
23-03-2018,,Shreepad Vallabh,Trawler,NA,Shrimp,Chalu,Malvan - Devgad,,2,1.5,2.1,NA,NA,NA,NA,,NA,NA,NA
23-03-2019,,Arundaye,Trawler,NA,Mixed,Mixed,Devgad,,2,NA,,NA,NA,NA,NA,,NA,NA,NA
23-10-2018,,Dwarkadish,Trawler,NA,Finfish,Fish - Disco,Malvan - South,,1,3,2.5,NA,NA,NA,NA,,NA,NA,NA
23-11-2018,,Nageshwar Prasad,Trawler,NA,Shrimp,Chalu,Malvan,,2,5,2,NA,NA,NA,NA,,NA,NA,NA
23-11-2018,,Pratamesh,Trawler,NA,Shrimp,Chalu,,,,NA,,NA,NA,NA,NA,,NA,NA,NA
24-01-2018,,Shreepad Vallabh,Trawler,NA,Shrimp,Chalu,Ratnagiri,,3,NA,,NA,NA,NA,NA,,NA,NA,NA
24-01-2019,,Sateri,Trawler,NA,Shrimp,Chalu,Malvan,,3,3,3,NA,NA,NA,NA,,NA,NA,NA
24-03-2018,,Gajannan Maharaj,Trawler,NA,Shrimp,Chalu,Devgad,,2,1.5,2.3,NA,NA,NA,NA,,NA,NA,NA
24-11-2018,,Om Sai,Trawler,NA,Mixed,Mixed,,,1,4,,NA,NA,NA,NA,,NA,NA,NA
24-12-2018,,Soumya,Trawler,NA,Shrimp,Chalu,Juva Pankhol,,2,3.4,2.5,NA,NA,NA,NA,,NA,NA,NA
25-02-2019,,Vittal Krupa,Trawler,NA,Shrimp,Chalu,Malvan,,2,3,,NA,NA,NA,NA,,NA,NA,NA
25-03-2019,,Badrakali,Trawler,NA,Shrimp,Chalu,Juva Pankhol,,2,3,,NA,NA,NA,NA,,NA,NA,NA
25-10-2018,,Ratna Bharti,Trawler,NA,Finfish,Fish - Disco,Vengurla,,2,3,3,NA,NA,NA,NA,,NA,NA,NA
25-12-2018,,Darya Sagar,Trawler,NA,Finfish,Fish - Disco,Malvan,,3,NA,,NA,NA,NA,NA,,NA,NA,NA
26-01-2018,,Anand Prasad,Trawler,NA,Finfish,Fish - Disco,,,4,NA,,NA,NA,NA,NA,,NA,NA,NA
26-01-2018,,Om Sai,Trawler,NA,Finfish,Fish - Disco,,,2,NA,,NA,NA,NA,NA,,NA,NA,NA
26-01-2018,,Vishnudatta,Trawler,NA,Squid,Squid - Disco,,,3,NA,,NA,NA,NA,NA,,NA,NA,NA
26-01-2019,,Vaishnavi,Trawler,NA,Shrimp,Chalu,Malvan,,1,2,3,NA,NA,NA,NA,,NA,NA,NA
26-04-2018,,Shreepad Vallabh,Trawler,NA,Shrimp,Chalu,Devbag,,2,3,3,NA,NA,NA,NA,,NA,NA,NA
26-04-2019,,Badrakali,Trawler,NA,Shrimp,Chalu,Vengurla,,2,NA,,NA,NA,NA,NA,,NA,NA,NA
27-01-2018,,Om Sai,Trawler,NA,Finfish,Fish - Disco,,,1,NA,,NA,NA,NA,NA,,NA,NA,NA
27-01-2018,,Rishikesh,Trawler,NA,Finfish,,,,3,NA,,NA,NA,NA,NA,,NA,NA,NA
27-02-2019,,Dhanalakshmi3,Trawler,NA,Kaapshi,Chalu,Malvan,,1,1,3,NA,NA,NA,NA,,NA,NA,NA
27-10-2018,,Sagar Samra,Trawler,NA,Squid,Squid - Disco,Malvan,,3,3,4,NA,NA,NA,NA,,NA,NA,NA
27-11-2018,,Kohinoor,Trawler,NA,Finfish,Fish - Disco,Malvan,,2,NA,,NA,NA,NA,NA,,NA,NA,NA
28-01-2019,,Mangal Moorthi,Trawler,NA,Shrimp,Chalu,Juva Pankhol,,2,3,2,NA,NA,NA,NA,,NA,NA,NA
28-02-2018,,Gajannan Maharaj,Trawler,NA,Shrimp,Chalu,,,2,3.5,3,NA,NA,NA,NA,,NA,NA,NA
28-03-2018,,Shreepad Vallabh,Trawler,NA,Shrimp,Chalu,Off Malvan,,1,2,3,NA,NA,NA,NA,,NA,NA,NA
28-04-2018,,Gajannan Maharaj,Trawler,NA,Mixed,Mixed,Devgad,,2,4,4,NA,NA,NA,NA,,NA,NA,NA
29-01-2018,,Vijayalakshmi + Audumbar,Trawler,NA,Squid,Squid - Disco,,,4,NA,,NA,NA,NA,NA,,NA,NA,NA
29-03-2018,,Gajannan Maharaj,Trawler,NA,Shrimp,Chalu,Devgad,,2,2.5,4,NA,NA,NA,NA,,NA,NA,NA
29-03-2019,,Gurudutt,Trawler,NA,Finfish,Fish - Disco,Achara,,3,3,3,NA,NA,NA,NA,,NA,NA,NA
29-04-2018,,Unknown,Purse seine,NA,,Purse seine,,,,NA,,NA,NA,NA,NA,,NA,NA,NA
29-04-2018,,Rishikesh,Trawler,NA,Mixed,Mixed,,,3,3,5,NA,NA,NA,NA,,NA,NA,NA
29-04-2019,,Bahubali,Trawler,NA,Finfish,Fish - Disco,Ate,,5,5,,NA,NA,NA,NA,,NA,NA,NA
29-11-2018,,Ratna Bharti,Trawler,NA,Finfish,Fish - Disco,Malvan,,1,3,3,NA,NA,NA,NA,,NA,NA,NA
30-01-2019,,Omkar2,Trawler,NA,Shrimp,Chalu,Malvan,,2,3,3,NA,NA,NA,NA,,NA,NA,NA
30-04-2018,,Shreepad Vallabh,Trawler,NA,Shrimp,Chalu,Malvan - North,,2,3.5,,NA,NA,NA,NA,,NA,NA,NA
