Sr. No.,Date,Field Code,GC Code,Source,Snake Species,Local/ Common Name,Prey Order,Prey Family,Prey Genus,Prey Species,Body Form,Habitat,Habit,Specimen,Tissue,Condition,Standard Length (cm),Tail Length (cm),Maximum Body Girth (cm),Weight (g),Depth caught (wav),Depth caught (m),Photo No.,Location,Remarks
1,29-12-2017,HCDB01,HCDB01,Gut content,Hydrophis curtus,Unidentified,Unidentified,Unidentified,,Unidentified,,,,,,4,,,,,,,SD DSC9298,Malvan,
2,29-12-2017,HSDB02,HSDB02.1,Gut content,Hydrophis schistosus,Pufferfish,,Tetraodontidae,,Chelonodon laticeps,,,,Yes,,1,5.607,1.325,1.056,7,,,SD DSC9291,Malvan,To be weighed
3,29-12-2017,HSDB02,HSDB02.2,Gut content,Hydrophis schistosus,Pufferfish,,Tetraodontidae,,Chelonodon laticeps,,,,Yes,,2,6.25,1.437,1.82,7,,,SD DSC9289,Malvan,To be weighed
4,29-12-2017,HSDB02,HSDB02.3,Gut content,Hydrophis schistosus,Pufferfish,,Tetraodontidae,,Chelonodon laticeps,,,,,,4,,,,,,,,Malvan,
5,29-12-2017,HSDB02,HSDB02.4,Gut content,Hydrophis schistosus,Pufferfish,,Tetraodontidae,,Chelonodon laticeps,,,,,,4,,,,,,,,Malvan,
6,31-12-2017,HCDB03,HCDB03,Gut content,Hydrophis curtus,Unidentified,Unidentified,Unidentified,,Unidentified,,,,,,4,,,,,,,SD IMG192025,Malvan,
7,31-12-2017,HCMT05,HCMT05,Gut content,Hydrophis curtus,Unidentified,Unidentified,Unidentified,,Unidentified,,,,,,4,,,,,,,SD IMG192054,Malvan,
8,01-01-2018,HCDB05,HCDB05.1,Gut content,Hydrophis curtus,Tarli,,Clupeidae,,Sardinella sp.,,,,,Yes,1,14.9,1.7,3.013,55,,,TG IMG11721850,Malvan,
9,01-01-2018,HCDB05,HCDB05.2,Gut content,Hydrophis curtus,Tarli,,Clupeidae,,Sardinella sp.,,,,,,1,,,,,,,,Malvan,Regurgitated on board
10,04-01-2018,HSDB03,HSDB03,Gut content,Hydrophis schistosus,Largescaled terapon,,Teraponidae,,Terapon theraps,,,,,Yes,2,11,2.7,3.6,30,,,,Malvan,Regurgitated in captivity
11,04-01-2018,HSMT02,HSMT02,Gut content,Hydrophis schistosus,Mantis Shrimp,Stomatopoda,Unidentified,,Unidentified,,,,Yes,,1,1.5,5,1.41,4,,,,Malvan,
12,05-01-2018,HSDB05,HSDB05,Gut content,Hydrophis schistosus,Unidentified,Unidentified,Unidentified,,Unidentified,,,,,,3,,,,,,,SD IMG101228,Malvan,
13,11-01-2018,HCMT18,HCMT18,Gut content,Hydrophis curtus,Unidentified,Unidentified,Unidentified,,Unidentified,,,,,,4,,,,,,,SD IMG 200517,Malvan,
14,17-01-2018,HSDB23,HSDB23,Gut content,Hydrophis schistosus,Terapon,,Teraponidae,,Terapon sp.,,,,,Yes,2,11.5,2.6,4.5,39,,,,Malvan,
15,18-01-2018,HSDB27,HSDB27,Gut content,Hydrophis schistosus,Unidentified,Unidentified,Unidentified,,Unidentified,,,,,,4,,,,,,,,Malvan,Piece of tail fin
16,18-01-2018,HSDB28,HSDB28,Gut content,Hydrophis schistosus,Eel?,Unidentified,Unidentified,,Unidentified,,,,,Yes,5,,,,,,,,Malvan,Elongate digested mass
17,18-01-2018,HSDB29,HSDB29.1,Gut content,Hydrophis schistosus,Pufferfish,,Tetraodontidae,,Arothron sp.,,,,,,3,10.2,2.3,,14,,,TG ,Malvan,
18,18-01-2018,HSDB29,HSDB29.2,Gut content,Hydrophis schistosus,Pufferfish,,Tetraodontidae,,Arothron sp.,,,,,Yes,1,8.3,2,4.3,24,,,TG,Malvan,Puffed up in gut
19,20-01-2018,HSDB32,HSDB32,Gut content,Hydrophis schistosus,Spiny Cheeked Grouper,,Serranidae,,Epinephelus diacanthus,,,,,,3,15.5,2.5,4.5,50,,,,Malvan,
20,20-01-2018,HSDB41,HSDB41,Gut content,Hydrophis schistosus,Unidentified,Unidentified,Unidentified,,Unidentified,,,,,,3,8.4,2,2.3,6,,,SD IMG 193951,Malvan,
21,20-01-2018,HSDB44,HSDB44,Gut content,Hydrophis schistosus,Spiny Cheeked Grouper,,Serranidae,,Epinephelus diacanthus,,,,,Yes,2,14.8,2.5,4.9,61,,,SD IMG 192382,Malvan,
22,21-01-2018,HSDB51,HSDB51,Gut content,Hydrophis schistosus,Eel Catfish,,Plotosidae,,Plotosus sp.,,,,,Yes,3,17,1.5,3,18,,,TG IMG 5445,Malvan,
23,22-01-2018,HSDB57,HSDB57,Gut content,Hydrophis schistosus,Smallscaled terapon,,Teraponidae,,Terapon puta,,,,,Yes,3,7.5,1.8,3.7,22,,,,Malvan,Half fish
24,23-01-2018,HSDB63,HSDB63,Gut content,Hydrophis schistosus,Unidentified,Unidentified,Unidentified,,Unidentified,,,,,,5,,,,,,,,Malvan,Mass of digested bones and feces
25,23-01-2018,HSDB69,HSDB69,Gut content,Hydrophis schistosus,Unidentified,Unidentified,Unidentified,,Unidentified,,,,,,3,,,2.2,12,,,SD IMG 170401,Malvan,Half fish
26,27-01-2018,HSDB76,HSDB76.1,Gut content,Hydrophis schistosus,Unidentified,Unidentified,Unidentified,,Unidentified,,,,,,3,14,2.5,1.8,13,,,SD IMG 201243,Malvan,Half fish
27,27-01-2018,HSDB76,HSDB76.2,Gut content,Hydrophis schistosus,Unidentified,Unidentified,Unidentified,,Unidentified,,,,,,3,,2.9,1.5,9,,,SD IMG 201257,Malvan,Half fish
28,27-01-2018,HSDB77,HSDB77,Gut content,Hydrophis schistosus,Right eye flounder,,Pleuronectidae,,Unidentified,,,,,Yes,2,8.6,3,1.5,7,,,SD IMG 201318,Malvan,
29,27-01-2018,HSDB79,HSDB79,Gut content,Hydrophis schistosus,Unidentified,Unidentified,Unidentified,,Unidentified,,,,,,3,,0.8,3,4,,,SD IMG 201309,Malvan,
30,02-02-2018,HSDB85,HSDB85.1,Gut content,Hydrophis schistosus,Sardine,,Clupeidae,,Sardinella sp.,,,,,Yes,1,16.3,3.2,4.3,57,,,TG IMG 113931685,Malvan,Undigested
31,02-02-2018,HSDB85,HSDB85.2,Gut content,Hydrophis schistosus,Sardine,,Clupeidae,,Sardinella sp.,,,,,,2,14.2,3.2,3.5,36,,,TG IMG 113931685,Malvan,Anterior half partly digested
32,02-02-2018,HSDB87,HSDB87,Gut content,Hydrophis schistosus,Unidentified,Unidentified,Unidentified,,Unidentified,,,,,,3,8.4,3.7,3.3,16,,,TG IMG 114446994,Malvan,Half fish
33,02-02-2018,HSDB90,HSDB90,Gut content,Hydrophis schistosus,Sardine,,Clupeidae,,Unidentified,,,,,,,14.9,3.2,4.2,38,,,TG IMG 113504439,Malvan,Maybe Sardinella sp.
34,03-02-2018,,HSMT06-17,Gut content,Hydrophis schistosus,Eel Catfish,,Plotosidae,,Plotosus sp.,,,,,,3,13.5,1.4,3.5,16,,,TG IMG 195358225,Malvan,Half fish
35,03-02-2018,,HSMT06-17,Gut content,Hydrophis schistosus,Smooth blassop pufferfish,,Tetraodontidae,,Lagocephalus inermis,,,,,,3,9.5,2.3,3,15,,,TG IMG 195608315,Malvan,Max girth an underestimate
36,03-02-2018,,HSMT06-17,Gut content,Hydrophis schistosus,Smooth blassop pufferfish,,Tetraodontidae,,Lagocephalus inermis,,,,,,2,9.2,2.1,2.7,15,,,TG IMG 195608315,Malvan,Max girth an underestimate
37,03-02-2018,,HSMT06-17,Gut content,Hydrophis schistosus,Smooth blassop pufferfish,,Tetraodontidae,,Lagocephalus inermis,,,,,Yes,2,9.6,2.3,3,20,,,TG IMG 195720801,Malvan,Max girth an underestimate
38,04-02-2018,,HSDB 95-96,Gut content,Hydrophis schistosus,Spiny Cheeked Grouper,,Serranidae,,Epinephelus diacanthus,,,,,Yes,3,7.9,3,3.5,13,,,TG IMG 104646504,Malvan,Half fish
39,04-02-2018,,HSDB 95-96,Gut content,Hydrophis schistosus,Spiny Cheeked Grouper,,Serranidae,,Epinephelus diacanthus,,,,,,3,12.9,2.6,2.8,12,,,TG IMG 104646504,Malvan,Max girth an underestimate
40,06-02-2018,HSDB101,HSDB101,Gut content,Hydrophis schistosus,Unidentified,Unidentified,Unidentified,,Unidentified,,,,,,4,,,,9,,,SD IMG 202938,Malvan,
41,07-02-2018,HCDB09,HCDB09,Gut content,Hydrophis curtus,Unidentified,Unidentified,Unidentified,,Unidentified,,,,,,3,,3.638,3.236,8,,,SD IMG 162454,Malvan,
42,07-02-2018,HSDB105,HSDB105,Gut content,Hydrophis schistosus,Lizard fish?,,Synodontidae,,Unidentified,,,,,,3,,,,,,,CR IMG 2980,Malvan,?
43,07-02-2018,HCDB10,HCDB10,Gut content,Hydrophis curtus,Unidentified,Unidentified,Unidentified,,Unidentified,,,,,,5,,,,,,,CR IMG 2992,Malvan,
44,08-02-2018,HCDB11,HCDB11,Gut content,Hydrophis curtus,Scad,,Carangidae,,Alepes sp.,,,,,,3,,,,,,,No,Malvan,
45,08-02-2018,HCDB12,HCDB12,Gut content,Hydrophis curtus,Anchove,,Engraulidae,,Unidentified,,,,,Yes,3,,3.5,3.7,7,,,SD IMG 184058,Malvan,
46,10-02-2018,,GCMT01,Trawler,,Smooth blassop pufferfish,,Tetraodontidae,,Lagocephalus inermis,,,,,Yes,1,11.8,2.6,4,51,15,28.05,No,Malvan,
46,10-02-2018,,GCMT02,Trawler,,Smooth blassop pufferfish,,Tetraodontidae,,Lagocephalus inermis,,,,,Yes,1,9,2.1,2.9,16,15,28.05,No,Malvan,
47,11-02-2018,HCDB17,HCDB17,Gut content,Hydrophis curtus,Unidentified,Unidentified,Unidentified,,Unidentified,,,,,,4,,,,,,,SD DSC 9609,Malvan,
48,12-02-2018,HSMT47,HSMT47,Gut content,Hydrophis schistosus,Spiny Cheeked Grouper,,Serranidae,,Epinephelus sp.,,,,,Yes,2,9.7,2.3,2.5,9,,,No,Malvan,
49,12-02-2018,HSMT48,HSMT48,Gut content,Hydrophis schistosus,Torpedo scad,,Carangidae,,Megalapsis cordyla,,,,,Yes,3,9.4,2.4,2.4,6,,,No,Malvan,
50,12-02-2018,HSMT49,HSMT49.1,Gut content,Hydrophis schistosus,Smooth blassop pufferfish,,Tetraodontidae,,Lagocephalus inermis,,,,,,4,9.7,2.6,2,8,,,No,Malvan,
51,12-02-2018,HSMT49,HSMT49.2,Gut content,Hydrophis schistosus,Smooth blassop pufferfish,,Tetraodontidae,,Lagocephalus inermis,,,,,Yes,1,10,2.4,3.8,21,,,No,Malvan,
52,12-02-2018,HSMT51,HSMT51,Gut content,Hydrophis schistosus,Smooth blassop pufferfish,,Tetraodontidae,,Lagocephalus inermis,,,,,,4,,,,,,,No,Malvan,
53,12-02-2018,HSMT54,HSMT54,Gut content,Hydrophis schistosus,Smooth blassop pufferfish,,Tetraodontidae,,Lagocephalus inermis,,,,,,4,,,,,,,No,Malvan,
54,18-02-2018,HCDB18,HCDB18.1,Gut content,Hydrophis curtus,Laepe?,,Cynoglossidae,,Unidentified,,,,,,5,,,,,,,SD IMG 145644,Malvan,
55,18-02-2018,HCDB18,HCDB18.2,Gut content,Hydrophis curtus,Unidentified,Unidentified,Unidentified,,Unidentified,,,,,,5,,,,,,,SD IMG 145602,Malvan,
56,19-02-2018,HCDB20,HCDB20,Gut content,Hydrophis curtus,Unidentified,Unidentified,Unidentified,,Unidentified,,,,,,5,,,,,,,SD IMG 104909,Malvan,
57,23-02-2018,HCDB23,HCDB23,Gut content,Hydrophis curtus,Dussumier's thryssa,,Engraulidae,,Thryssa dussumieri,,,,,Yes,1,11.7,2.4,3.5,22,,,SD IMG 103601,Malvan,
58,24-02-2018,HCDB31,HCDB31,Gut content,Hydrophis curtus,Smooth blassop pufferfish,,Tetraodontidae,,Lagocephalus inermis,,,,,Yes,2,10.9,2.6,2,23,,,SD IMG 112921,Malvan,
59,25-02-2018,HCDB34,HCDB34,Gut content,Hydrophis curtus,Pony fish,,Leiognathidae,,Leiognathus sp.,,,,,,4,,,,,,,SD IMG 114250,Malvan,
60,25-02-2018,HSDB116,HSDB116,Gut content,Hydrophis schistosus,Smooth blassop pufferfish,,Tetraodontidae,,Lagocephalus inermis,,,,,Yes,3,10,2.6,2.4,14,,,No,Malvan,
61,05-03-2018,,HSMT78 - 85,Gut content,Hydrophis schistosus,Unidentified,Unidentified,Unidentified,,Unidentified,,,,,,5,,,,,,,No,Tondavali,From multiple snakes
62,09-03-2018,HSDB125,HSDB125,Gut content,Hydrophis schistosus,Smooth blassop pufferfish,,Tetraodontidae,,Lagocephalus inermis,,,,,Yes,3,14,2.8,4.2,34,,,TG IMG 195726450,Malvan,
63,09-03-2018,HSDB126,HSDB126,Gut content,Hydrophis schistosus,Smooth blassop pufferfish,,Tetraodontidae,,Lagocephalus inermis,,,,,Yes,3,7.7,2.5,2.5,5,,,TG IMG 19535403,Malvan,
64,09-03-2018,HSDB129,HSDB129,Gut content,Hydrophis schistosus,Largescaled terapon,,Teraponidae,,Terapon theraps,,,,,Yes,1,11.7,2,4.2,30,,,TG IMG 195703992,Malvan,Stored as HSDB128
65,09-03-2018,HSDB136,HSDB136,Gut content,Hydrophis schistosus,Smooth blassop pufferfish,,Tetraodontidae,,Lagocephalus inermis,,,,,Yes,1,13.1,3,3.7,38,,,No,Malvan,
66,11-03-2018,HSDB139,HSDB139,Gut content,Hydrophis schistosus,Smooth blassop pufferfish,,Tetraodontidae,,Lagocephalus inermis,,,,,Yes,3,10.2,2.6,3.3,15,,,No,Malvan,
67,11-03-2018,HSDB140,HSDB140,Gut content,Hydrophis schistosus,Smooth blassop pufferfish,,Tetraodontidae,,Lagocephalus inermis,,,,,,2,14,3.2,4.5,48,,,No,Malvan,
68,12-03-2018,HSDB142,HSDB142,Gut content,Hydrophis schistosus,Smooth blassop pufferfish,,Tetraodontidae,,Lagocephalus inermis,,,,,,2,12.4,3,3.6,26,,,No,Malvan,
69,12-03-2018,HSDB147,HSDB147,Gut content,Hydrophis schistosus,Smooth blassop pufferfish,,Tetraodontidae,,Lagocephalus inermis,,,,,,2,13.2,3,3.2,35,,,No,Malvan,
70,12-03-2018,HSDB151,HSDB151,Gut content,Hydrophis schistosus,Sardine,,Clupeidae,,Sardinella sp.,,,,,Yes,2,16.6,3,4,49,,,SD IMG 130423,Malvan,Longiceps?
71,15-03-2018,HSDB157,HSDB157,Gut content,Hydrophis schistosus,Smooth blassop pufferfish,,Tetraodontidae,,Lagocephalus inermis,,,,,,3,8.4,2.3,2.5,6,,,No,Malvan,
72,17-03-2018,HSDB162,HSDB162,Gut content,Hydrophis schistosus,Smooth blassop pufferfish,,Tetraodontidae,,Lagocephalus inermis,,,,,,3,8.5,3,4.2,19,,,No,Malvan,
73,17-03-2018,HSDB163,HSDB163,Gut content,Hydrophis schistosus,Smooth blassop pufferfish,,Tetraodontidae,,Lagocephalus inermis,,,,,,2,14.5,4,4.7,36,,,No,Malvan,
74,22-03-2018,HSDB167,HSDB167,Gut content,Hydrophis schistosus,Tarli,,Clupeidae,,Sardinella longiceps,,,,,Yes,3,13.2,2.6,3,15,,,SD IMG 134757,Malvan,
75,22-03-2018,HSDB168,HSDB168,Gut content,Hydrophis schistosus,Indian Mackerel,,Scombridae,,Rastrelliger kanagurta,,,,,Yes,4,15,3.22,5.5,23,,,SD IMG 185400,Malvan,
76,23-03-2018,HSDB174,HSDB174,Gut content,Hydrophis schistosus,Catfish,,Ariidae,,Arius maculatus,,,,,Yes,1,11,3,3,14,,,SD IMG 091022,Malvan,
77,28-03-2018,HSDB176,HSDB176,Gut content,Hydrophis schistosus,Catfish,,Ariidae,,Arius caelatus,,,,,Yes,3,15.2,5.5,4.5,55,,,SD IMG 105143,Malvan,
78,31-03-2018,,HSMT110 - 118,Gut content,Hydrophis schistosus,Smooth blassop pufferfish,,Tetraodontidae,,Lagocephalus inermis,,,,,,4,8.5,2,2,7,,,No,Aachara,
79,12-04-2018,HSDB191,HSDB191,Gut content,Hydrophis schistosus,Catfish,,Ariidae,,Unidentified,,,,,Yes,4,9.5,2.3,,,,,No,Malvan,Weight <1
80,17-04-2018,,GCMT03,Trawler,,Spiny Cheeked Grouper,,Serranidae,,Epinephelus diacanthus,,,,,Yes,1,14.8,3.2,5.2,75,15.5,28.985,No,Aachara,DL
81,17-04-2018,,GCMT04,Trawler,,Smooth blassop pufferfish,,Tetraodontidae,,Lagocephalus inermis,,,,,Yes,1,9,1.7,2.1,21,,,No,,"GM, info with trisha"
82,18-04-2018,,GCGN01,Gill Net,,Largescaled terapon,,Teraponidae,,Terapon theraps,,,,,Yes,1,12.9,2.1,4.5,50,,,No,Kolamb,
83,30-04-2018,,GCMT05,Trawler,,Torpedo scad,,Carangidae,,Megalapsis cordyla,,,,,Yes,1,,,,,17,,No,Malvan,From Gajannan Maharaj. Forgot to take specimen measurements
84,01-05-2018,,GCMT06,Trawler,,Indian oil sadine,,Clupeidae,,Sardinella longiceps,,,,,Yes,1,14.5,4,5,41,12,22.44,No,Aachara,
85,02-05-2018,,HSDB205-207,Gut content,Hydrophis schistosus,Sardine,,Clupeidae,,Unidentified,,,,,,3,11.5,3.4,4,13,,,Bryan,Sindhudurg Fort,"Possibly Sardinella sp. , most likely from HSDB206"
86,02-05-2018,,GCMT07,Trawler,,Gold striped pony fish ,,Leiognathidae,,Leiognathus daura,,,,,Yes,1,10.2,3.5,5,23,12.5,23.375,No,Aachara,From Gajannan Maharaj
87,03-05-2018,,GCMT08,Trawler,,Indian Mackerel,,Scombridae,,Rastrelliger kanagurta,,,,,Yes,1,13.5,3,4.5,37,,,No,,
88,04-05-2018,HSDB217,HSDB217,Gut content,Hydrophis schistosus,Pony fish,,Leiognathidae,,Unidentified,,,,,Yes,3,5.8,3.4,2.8,5,,,Trisha,,Most likely L. lineolatus 
89,06-05-2018,HSDB219,HSDB219,Gut content,Hydrophis schistosus,Unidentified,Unidentified,Unidentified,,Unidentified,,,,,,1,8,2.8,4.5,19,,,No,,
90,06-05-2018,HSDB219,HSDB219,Gut content,Hydrophis schistosus,Unidentified,Unidentified,Unidentified,,Unidentified,,,,Yes,,3,7.7,2.8,5,10,,,Bryan,,
91,07-05-2018,,GCMT09,Trawler,,Largescaled terapon,,Teraponidae,,Terapon theraps,,,,,Yes,1,10,2.6,4,26,13,24.31,No,Vengurla,Om Sai - boat name
92,07-05-2018,,GCMT10,Trawler,,Smooth blassop pufferfish,,Tetraodontidae,,Lagocephalus inermis,,,,,Yes,1,8.3,2,3.2,15,13,24.31,No,Vengurla,Om Sai - boat name
93,08-05-2018,,GCMT11,Trawler,,Dussumier's thryssa,,Engraulidae,,Thryssa dussumieri,,,,,Yes,1,12,3.2,4.1,20,,,No,Zua,
94,09-05-2018,HSDB226,HSDB226,Gut content,Hydrophis schistosus,Catfish,,Ariidae,,Unidentified,,,,,,3,3.7,1.2,0.67,,,,Trisha,,
95,09-05-2018,,GCMT12,Trawler,,Indian Mackerel,,Scombridae,,Rastrelliger kanagurta,,,,,Yes,1,11.5,2.8,4,19,,,No,,
96,10-05-2018,,GCMT13,Trawler,,Spiny Cheeked Grouper,,Serranidae,,Epinephelus diacanthus,,,,,Yes,1,12.5,3.2,5,37,10,18.7,No,Malvan,Gajanand Maharaj - Boat name
97,11-05-2018,,GCMT14,Trawler,,Indian oil sadine,,Clupeidae,,Sardinella longiceps,,,,,Yes,1,16.5,3.5,4.3,38,10,18.7,No,Malvan,
98,11-05-2018,HSDB229,HSDB229,Gut content,Hydrophis schistosus,Pony fish,,Leiognathidae,,Unidentified,,,,,,4,6,3,1.8,,,,No,,Weight <1
99,12-05-2018,,GCMT15,Trawler,,Short nosed pony fish ,,Leiognathidae,,Leiognathus brevirostris,,,,,Yes,1,10.3,3,5.5,27,15,28.05,No,South,Lairay - Boat name
100,13-05-2018,,GCMT16,Rampan,,Smooth blassop pufferfish,,Tetraodontidae,,Lagocephalus inermis,,,,,Yes,1,15,3,5.5,115,,,No,Dandi,Dandi Rampan
101,08-10-2018,HSGN4001,HSDB4001,Gut content,Hydrophis schistosus,Smooth blassop pufferfish,,Tetraodontidae,,Lagocephalus inermis,,,,,Yes,3,11.5,3.5,,17,,,,,Head digested completely 
102,19-10-2018,,GCMT4001,Trawler,,Torpedo scad,,Carangidae,,Megalapsis cordyla,,,,,Yes,1,15.7,3.6,4.77,47,,,,Vengurla,
103,19-10-2018,,GCMT4002,Trawler,,Largescaled terapon,,Teraponidae,,Terapon theraps,,,,,Yes,1,11.5,2,4.15,34,,,,Vengurla,
104,20-10-2018,HSGN4003,HSGN4003,Gut content,Hydrophis schistosus,Smallscaled terapon,,Teraponidae,,Terapon puta,,,,,,2,12.5,2.5,4.96,3.8,10,18.7,,Malvan,
105,20-10-2018,HSGN4004,HSGN4004,Gut content,Hydrophis schistosus,Smooth blassop pufferfish,,Tetraodontidae,,Lagocephalus inermis,,,,,Yes,2,10,2.7,3,26,10,18.7,,Malvan,
106,20-10-2018,HSGN4005,HSGN4005,Gut content,Hydrophis schistosus,Pony fish,,Leiognathidae,,Leiognathus brevirostris,,,,,,2,8.3,2.5,4,15,6,11.22,YW-4446,Malvan,
107,23-10-2018,HCGN4001,HCGN4001,Gut content,Hydrophis curtus,Unidentified,Unidentified,Unidentified,,Unidentified,,,,,,4,,,,,10,18.7,YW-8353,Malvan,Just a head 
108,27-10-2018,,GCMT4003,Trawler,,Spiny Cheeked Grouper,,Serranidae,,Epinephelus diacanthus,,,,,Yes,1,10,2.5,4.4,32,30,56.1,,Malvan,
109,28-10-2018,HSGN4008,HSGN4008,Gut content,Hydrophis schistosus,Catfish,,Ariidae,,Arius maculatus,,,,,Yes,2,14.2,3.7,3.02,48,2.5,4.675,,Malvan,
110,29-10-2018,HSGN4011,HSGN4011,Gut content,Hydrophis schistosus,Unidentified,Unidentified,Unidentified,,Unidentified,,,,,Yes,3,13,2.5,3,38,8,14.96,,Kawada,
111,30-10-2018,HSGN4012,HSGN4012,Gut content,Hydrophis schistosus,Unidentified,Unidentified,Unidentified,,Unidentified,,,,,Yes,3,,,,5,8.5,15.895,,Malvan,
112,31-10-2018,HSGN4013,HSGN4013,Gut content,Hydrophis schistosus,Pufferfish,,Tetraodontidae,,Unidentified,,,,,Yes,3,14,2.3,3.5,52,,,,Malvan,
113,01-11-2018,HCGN4004,HCGN4004,Gut content,Hydrophis curtus,Spiny Cheeked Grouper,,Serranidae,,Epinephelus diacanthus,,,,,Yes,2,10.8,2.3,3.2,50,10,18.7,,Malvan,
114,04-11-2018,HCBD4002,HCBD4002,Gut content,Hydrophis curtus,Pony fish,,Leiognathidae,,Leiognathus sp.,,,,,Yes,2,8.7,,3.2,9,,,,Malvan,Tail damaged
115,10-11-2018,HSGN4021,HSGN4021,Gut content,Hydrophis schistosus,Smooth blassop pufferfish,,Tetraodontidae,,Lagocephalus inermis,,,,,Yes,3,11.4,3.4,4.7,40,11,20.57,,Malvan,
116,25-11-2018,HSGN4028,HSGN4028,Gut content,Hydrophis schistosus,Smooth blassop pufferfish,,Tetraodontidae,,Lagocephalus inermis,,,,,Yes,2,19.8,3.5,5,63,,,,Malvan,
117,25-11-2018,HCGN4007,HCGN4007,Gut content,Hydrophis curtus,,,,,,,,,,,3,7.7,,3.5,19,,,,Malvan,Head present. Y.W. 715
118,13-11-2018,,GCMT4004,Trawler,,Ribbonfish,,,,,,,,,Yes,,29.5,,,11,13,24.31,,Malvan,
119,13-11-2018,,GCMT4005,Trawler,,Largescaled terapon,,Teraponidae,,Terapon theraps,,,,,Yes,,12.6,,,26,13,24.31,,Malvan,
120,13-11-2018,,GCMT4006,Trawler,,Pony fish,,Leiognathidae,,Megalapsis cordyla,,,,,Yes,,17.7,,,45,13,24.31,,Malvan,
121,13-11-2018,,GCMT4007,Trawler,,Dussumier's thryssa,,Engraulidae,,Thryssa dussumieri,,,,,Yes,,8.2,2.8,3.4,11,13,24.31,,Malvan,
122,13-11-2018,,GCMT4008,Trawler,,,,Carangidae,,Alepes sp.,,,,,Yes,,12.1,2.5,3.5,15,13,24.31,,Malvan,
123,14-11-2018,HCTR4004,HCTR4004,Gut content,Hydrophis curtus,Solefish,,Cynoglossidae,,,,,,,Yes,3,9,,3.4,12,12,22.44,,Malvan,
124,15-11-2018,,HSRP4007-10,Gut content,Hydrophis schistosus,Catfish,,Ariidae,,Arius sp.,,,,Yes,,2,4.6,1.2,0.6,,12,22.44,,Malvan,
125,15-11-2018,,GCMT4009,Trawler,,Smooth blassop pufferfish,,Tetraodontidae,,Lagocephalus inermis,,,,,Yes,,4.4,5.5,,,,,,,
126,15-11-2018,,GCMT4010,Trawler,,Largescaled terapon,,Teraponidae,,Terapon theraps,,,,,Yes,,3.1,4.1,,,,,,,
127,15-11-2018,,GCMT4011,Trawler,,,,Carangidae,,Alepes sp.,,,,,Yes,,3.3,4,,,,,,,
128,16-11-2018,HCTR4008,HCTR4008,Gut content,Hydrophis curtus,Threadfin bream,,Nemipteridae,,Nemepteris sp.,,,,,Yes,1,6.5,2.4,2.5,5,12,22.44,,Zua,
129,16-11-2018,HCTR4009,HCTR4009,Gut content,Hydrophis curtus,Pony fish,,Carangidae,,Alepes sp.,,,,,Yes,1,5.6,1.5,2.1,3,12,22.44,,Zua,
130,16-11-2018,HCTR4010,HCTR4010,Gut content,Hydrophis curtus,Anchove,,Engraulidae,,Unidentified,,,,,Yes,1,8.5,1.6,2.4,7,12,22.44,,Zua,
131,16-11-2018,HCTR4011,HCTR4011,Gut content,Hydrophis curtus,Croaker,,,,Unidentified,,,,,Yes,1,5.3,0.9,2,,12,22.44,,Zua,
132,24-11-2018,HCTR4023,HCTR4023,Gut content,Hydrophis curtus,,,,,,,,,,,3,6.7,,3,12,12,22.44,,Aachara,
133,24-11-2018,HSTR4030,HSTR4030,Gut content,Hydrophis schistosus,Sting fish,,,,,,,,,Yes,1,10,2.6,3.7,19,12,22.44,,Akre-nivti,
134,30-11-2018,,GCGN4001,Gill Net,,Pedve,Clupeiformes,Clupeidae,,Sardinella gibbosa,,,,,Yes,1,17.2,2.2,4.3,31,12,22.44,,Malvan,
135,02-12-2018,,GCTR4003,Trawler,,Whipfin silver biddy,,Gerreidae,,Gerres filamentosus,,,,,Yes,,9.9,12.1,4.3,23,10,18.7,,Vengurla,
136,10-12-2018,,GCRP4001,Rampan,,Flat head grey mullet,,Mugilidae,,Mugil cephalus,,,,,Yes,1,13.5,3,4,35,1,1.87,,Malvan,
137,11-12-2018,HSGN4049,HSGN4049,Gut content,Hydrophis schistosus,Smooth blassop pufferfish,Tetraodontiforms,Tetraodontidae,,Lagocephalus inermis,,,,,Yes,1,15,3.4,5.5,79,4,7.48,,Kawada,
138,11-12-2018,,HSGN4049-53,Gut content,Hydrophis schistosus,Catfish,,Ariidae,,Arius sp.,,,,,Yes,2,14.3,3.7,3,32,10,18.7,,Malvan,
139,11-12-2018,,GCTR4004,Trawler,,Largescaled terapon,,Teraponidae,,Terapon theraps,,,,,Yes,1,11,3,4.5,29,11,20.57,,Devgadh,
140,11-12-2018,,GCTR4005,Trawler,,Shrimp Scad,Perciformes,Carangidae,,Alepes djedaba,,,,,Yes,1,13.5,3.7,5.3,36,11,20.57,,Devgadh,
141,11-12-2018,,GCTR4006,Trawler,,Moustached thryssa,Clupeiformes,Engraulidae,,Thryssa mystax,,,,,Yes,1,13.5,3.6,4.5,31,11,20.57,,Devgadh,
142,14-12-2018,HSGN4054,HSGN4054,Gut content,Hydrophis schistosus,Smooth blassop pufferfish,Tetraodontiforms,Tetraodontidae,,Lagocephalus inermis,,,,,Yes,2,7,4,2.8,18,9,16.83,,Kawada,
143,14-12-2018,HSGN4055,HSGN4055,Gut content,Hydrophis schistosus,Strped Eel Catfish,Silluriformes,Plotosidae,,Plotosus lineatus,,,,,Yes,2,16,,2.5,20,9,16.83,,Kawada,
144,18-12-2018,,HSGN4057-58,Gut content,Hydrophis schistosus,Catfish,,,,Unidentified,,,,,Yes,2,12.2,3.4,4.5,26,8,14.96,,Malvan,
145,20-12-2018,,GCTR4007,Trawler,,Indian Mackerel,Perciformes,Scombridae,,Rastrelliger kanagurta,,,,,Yes,1,14.1,11.9,3.9,18,30,56.1,,Malvan,
146,20-12-2018,,GCTR4008,Trawler,,Sardine,,Clupeidae,,,,,,,Yes,1,21.4,18,5.5,66,30,56.1,,Malvan,
147,24-12-2018,,GCTR4009,Trawler,,Spiny Cheeked Grouper,Perciformes,Serranidae,,Epinephelus diacanthus,,,,,Yes,1,11,13.4,3.9,20,16,29.92,,Zua,
148,24-12-2018,HCGN4022,HCGN4022,Gut content,Hydrophis curtus,Unidentified,Unidentified,Unidentified,,Unidentified,,,,,Yes,2,6,1.8,2,4,,,,Malvan,SP
149,31-12-2018,HCGN4034,HCGN4034,Gut content,Hydrophis curtus,Indian Mackerel,Perciformes,Scombridae,,Rastrelliger kanagurta,,,,,Yes,3,7.8,,3,20,10,18.7,,Malvan,Only head part present
150,31-12-2018,,HCGN4038-42,Gut content,Hydrophis curtus,Kokri,Perciformes,Carangidae,,Caranx heberi,,,,,Yes,2,6.5,1.5,2.8,7,15,28.05,,Malvan,
151,04-01-2019,HCGN4044,HCGN4044,Gut content,Hydrophis curtus,Kokri,Perciformes,Carangidae,,Caranx heberi,,,,,,2,,,,,11,20.57,,Malvan,Lost
152,05-01-2019,,HCGN4045-47,Gut content,Hydrophis curtus,Indian Mackerel,Perciformes,Scombridae,,Rastrelliger kanagurta,,,,,,3,,,,,7,13.09,,Malvan,
153,01-02-2019,HSGN4069,HSGN4069,Gut content,Hydrophis schistosus,Smooth blassop pufferfish,Tetraodontiforms,Tetraodontidae,,Lagocephalus inermis,,,,,Yes,3,17.2,3,4.5,27,10,18.7,,Malvan,
154,01-02-2019,HSGN4068,HSGN4068,Gut content,Hydrophis schistosus,Strped Eel Catfish,Silluriformes,Plotosidae,,Plotosus lineatus,,,,,Yes,3,7,,4.5,31,18,33.66,,Nivati Lighthouse ,
155,01-02-2019,HSGN4067,HSGN4067,Gut content,Hydrophis schistosus,Strped Eel Catfish,Silluriformes,Plotosidae,,Plotosus lineatus,,,,,Yes,3,32,,4.3,42,20,37.4,,Devbaugh,
156,04-02-2019,HSGN4072,HSGN4072,Gut content,Hydrophis schistosus,Grouper,,Unidentified,,Unidentified,,,,,Yes,2,17,3.2,4.2,62,7,13.09,,Talashil,
157,04-02-2019,,HSGN4073-74,Gut content,Hydrophis schistosus,Grouper,,Unidentified,,Unidentified,,,,,Yes,3,17.2,3,3.2,27,7,13.09,,Talashil,
158,14-02-2019,HCGN4065,HCGN4065,Gut content,Hydrophis curtus,Sardine,Clupeiformes,Clupeidae,,Sardinella longiceps,,,,,Yes,2,17.3,3.5,4.5,35,,,,Dandi,Beached
159,14-02-2019,,GCTR4010,Trawler,,Pony fish,,Leiognathidae,,,,,,,Yes,1,12,2.2,5,25,20,37.4,,Malvan,
160,14-02-2019,,GCTR4011,Trawler,,Moustached thryssa,Clupeiformes,Engraulidae,,Thryssa mystax,,,,,Yes,1,16.2,2.5,3.5,26,20,37.4,,Malvan,
161,14-02-2019,,GCTR4012,Trawler,,Unidentified,Unidentified,Unidentified,,Unidentified,,,,,Yes,1,15.7,2.8,5,37,20,37.4,,Malvan,
162,16-02-2019,HCGN4066,HCGN4066,Gut content,Hydrophis curtus,Unidentified,Unidentified,Unidentified,,Unidentified,,,,,Yes,3,11,3.3,3.2,12,10,18.7,,Malvan,
163,19-02-2019,HSGN4081,HSGN4081,Gut content,Hydrophis schistosus,Strped Eel Catfish,Silluriformes,Plotosidae,,Plotosus lineatus,,,,,Yes,3,13.7,,3.4,21,10,18.7,,Tondavali,
164,20-02-2019,HSGN4082,HSGN4082,Gut content,Hydrophis schistosus,Lizard fish?,,Synodontidae,,Unidentified,,,,,Yes,3,15.7,2.6,2.9,22.5,,,,,"Beached, ?"
165,25-02-2019,,GCTR4013,Trawler,,Pony fish,,Leiognathidae,,Leiognathus sp.,,,,,Yes,1,7.4,,5.4,11,,,,,
166,25-02-2019,,GCTR4014,Trawler,,Shrimp Scad,Perciformes,Carangidae,,Alepes djedaba,,,,,Yes,1,11.5,4.1,4.5,35,,,,,
167,25-02-2019,,GCTR4015,Trawler,,Smooth blassop pufferfish,Tetraodontiforms,Tetraodontidae,,Lagocephalus inermis,,,,,Yes,1,11.4,2.6,4.7,68,,,,,
168,25-02-2019,,GCTR4016,Trawler,,Spiny Cheeked Grouper,Perciformes,Serranidae,,Epinephelus diacanthus,,,,,Yes,1,10.3,3,3.8,27,,,,,
169,25-02-2019,HCGN4067,HCGN4067,Gut content,Hydrophis curtus,Unidentified,Unidentified,Unidentified,,Unidentified,,,,,Yes,3,10.4,,4.5,22,10,18.7,,Malvan,
170,27-02-2019,HSGN4085,HSGN4085,Gut content,Hydrophis schistosus,Catfish,,Ariidae,,Arius sp.,,,,,Yes,3,15.7,4.5,2.5,19,3,5.61,,Tarkarli,
171,27-02-2019,,GCTR4017,Trawler,,Indian Mackerel,Perciformes,Scombridae,,Rastrelliger kanagurta,,,,,Yes,,15,4.1,6.4,66,,,,,
172,27-02-2019,,GCTR4018,Trawler,,Rainbow Sardine,Clupeiformes,Clupeidae,,Dussumieria acuta,,,,,Yes,,11.3,3,3.5,19,,,,,
173,27-02-2019,,GCTR4019,Trawler,,Moonfish,Perciformes,Menidae,,Mene maculata,,,,,Yes,,10.5,2.2,7.8,21,,,,,
174,27-02-2019,HSGN4090,HSGN4090,Gut content,Hydrophis schistosus,Catfish,,Unidentified,,Unidentified,,,,,Yes,3,14.6,4,2.5,12,,,,,
175,08-03-2019,,GCTR4020,Trawler,,Smallscaled terapon,Perciformes,Teraponidae,,Terapon puta,,,,,Yes,1,8.5,2.5,3.5,18,,,,,
176,08-03-2019,,GCTR4021,Trawler,,Razorbelly Scad,Perciformes,Carangidae,,Alepes kleinii,,,,,Yes,1,9,3.1,4,14,,,,,
177,08-03-2019,,GCTR4022,Trawler,,Shrimp Scad,Perciformes,Carangidae,,Alepes djedaba,,,,,Yes,1,12,4,4.5,38,,,,,
178,11-03-2019,,GCTR4023,Trawler,,Smooth blassop pufferfish,Tetraodontiforms,Tetraodontidae,,Lagocephalus inermis,,,,,Yes,1,10.3,1.9,2.5,22,,,,,
179,11-03-2019,,GCTR4024,Trawler,,Spiny Cheeked Grouper,Perciformes,Serranidae,,Epinephelus diacanthus,,,,,Yes,1,15.4,2.9,4,42,,,,,
180,15-03-2019,,GCTR4025,Trawler,,Shrimp Scad,Perciformes,Carangidae,,Alepes djedaba,,,,,Yes,,13.7,3,4.5,40,25,,,,Kohinoor
181,21-03-2019,,GCTR4026,Trawler,,Smallscaled terapon,Perciformes,Teraponidae,,Terapon puta,,,,,Yes,,9.1,1.5,3,10,20,,,,Arunjai
182,25-03-2019,,GCTR4027,Trawler,,Pony fish,,Leiognathidae,,Unidentified,,,,,Yes,,10.7,2,4.5,23,25,,,,Bhadrakali
183,29-03-2019,,GCTR4028,Trawler,,Sardine,Clupeiformes,Clupeidae,,Sardinella longiceps,,,,,Yes,1,12.5,2.5,4,15,20,,,,Gurudatta
184,04-04-2019,,GCTR4029,Trawler,,Spiny Cheeked Grouper,Perciformes,Serranidae,,Epinephelus diacanthus,,,,,Yes,,12.5,2,4.2,25,25,,,,Maan baroova
185,04-04-2019,,GCTR4030,Trawler,,Smooth blassop pufferfish,Tetraodontiforms,Tetraodontidae,,Lagocephalus inermis,,,,,Yes,,9.5,2,2.5,15,,,,,
186,04-04-2019,,GCTR4031,Trawler,,Smallscaled terapon,Perciformes,Teraponidae,,Terapon puta,,,,,Yes,,11,2,4,19,,,,,
187,25-04-2019,,GCGN4002,Gill Net,,Kokri,Perciformes,Carangidae,,Caranx heberi,,,,,Yes,1,13,3.5,3.5,11,5,9.35,,Malvan,
188,25-04-2019,,GCGN4003,Gill Net,,Pedve,,,,,,,,,Yes,1,15.5,3.5,4.2,24,5,9.35,,,
189,26-04-2019,,GCTR4034,Trawler,,Smallscaled terapon,Perciformes,Actinopterygii,,Terapon puta,,,,,Yes,1,9.9,2.1,3.6,16,14,26.18,,,
190,26-04-2019,,GCTR4035,Trawler,,,,,,,,,,,Yes,1,7.8,2.3,1.7,4,14,26.18,,,
191,27-04-2019,,GCGN4004,Gill Net,,Pony fish,Perciformes,Leiognathidae,,Leiognathus brevirostris,,,,,Yes,1,5.5,1.7,2.9,15,4,7.48,,,
192,27-04-2019,,GCGN4005,Gill Net,,Pedve,Clupeiformes,Clupeidae,,Sardinella gibbosa,,,,,Yes,1,11.3,3.2,3.7,4,4,7.48,,,
193,27-04-2019,HSGN4105,HSGN4105,Gut content,Hydrophis schistosus,Silver sillago,Perciformes,Sillaginidae,,Sillago sihama,,,,,Yes,2,16.8,2.1,3.1,46,5,9.35,,,
194,27-04-2019,,GCTR4036,Trawler,,Spotted Catfish,Silluriformes,Ariidae,,Arius maculatus,,,,,Yes,1,13.5,2.8,3.3,45,19,35.53,,North of Malvan,
195,27-04-2019,,GCTR4037,Trawler,,Largscale tonguesole,Pleuronectiformes,Cynoglossidae,,Cynoglossus arel,,,,,Yes,1,9.1,0.9,2,6,19,35.53,,North of Malvan,
196,28-04-2019,,GCGN4006,Gill Net,,Pedve,Clupeiformes,Clupeidae,,Sardinella gibbosa,,,,,Yes,1,10.5,2.7,3.3,16,5,9.35,,,
197,29-04-2019,,GCTR4038,Trawler,,Tarali,Clupeiformes,Clupeidae,,Sardinella longiceps,,,,,Yes,1,7.8,2.2,2.3,3,19,35.53,,North of Malvan,
198,29-04-2019,,GCTR4039,Trawler,,Shortnose ponyfish,Perciformes,Leiognathidae,,Leiognathus brevirostris,,,,,Yes,1,7.6,1.7,2.9,4,19,35.53,,,
199,29-04-2019,,GCTR4040,Trawler,,Caroun croaker,Perciformes,Sciaenidae,,Johnius carouna,,,,,Yes,1,8.7,1.6,2.3,9,19,35.53,,,
200,29-04-2019,,GCTR4041,Trawler,,Bartail flathead,Scorpaeniformes,Platycephalidae,,Platycephalus indicus,,,,,Yes,1,9.6,1.8,1.9,6,19,35.53,,,
201,30-04-2019,,GCTR4042,Trawler,,Scaly hairfin Anchovy,Clupeiformes,Engraulidae,,Setipinna taty,,,,,Yes,1,11.5,2.6,2.7,13,20,37.4,,,
202,30-04-2019,,GCTR4043,Trawler,,Smooth blassop pufferfish,Tetraodontiforms,Tetraodontidae,,Lagocephalus inermis,,,,,Yes,1,8.6,1.7,2.2,23,20,37.4,,,
203,30-04-2019,,GCTR4044,Trawler,,Yellowtail Scad,Perciformes,Carangidae,,Atule mate,,,,,Yes,1,8.8,2.5,3.3,11,20,37.4,,,
204,30-04-2019,,GCTR4045,Trawler,,Hardenberg's Anchovy,Clupeiformes,Engraulidae,,Stolephorus insularis,,,,,Yes,1,8.2,1.6,1.9,7,20,37.4,,,
205,30-04-2019,,GCTR4046,Trawler,,Spotted Catfish,Silluriformes,Ariidae,,Arius maculatus,,,,,Yes,1,11.2,3.1,2.4,26,20,37.4,,,
206,30-04-2019,,GCTR4047,Trawler,,Largscale tonguesole,Pleuronectiformes,Cynoglossidae,,Cynoglossus arel,,,,,Yes,1,9.2,11.2,2.1,4,20,37.4,,,
207,01-05-2019,,GCGN4007,Gill Net,,Tarali,Clupeiformes,Clupeidae,,Sardinella longiceps,,,,,Yes,1,12.8,2.4,2.9,33,5,9.35,,,
208,01-05-2019,,GCGN4008,Gill Net,,Strped Eel Catfish,Silluriformes,Plotosidae,,Plotosus lineatus,,,,,Yes,1,5,0.3,0.9,,5,9.35,,,
209,01-05-2019,,GCGN4009,Gill Net,,Strped Eel Catfish,Silluriformes,Plotosidae,,Plotosus lineatus,,,,,Yes,1,4.6,0.4,0.9,,5,9.35,,,
210,01-05-2019,,GCTR4048,Trawler,,Scaly hairfin Anchovy,Clupeiformes,Engraulidae,,Setipinna taty,,,,,Yes,1,7.7,1.7,2,3,19,35.53,,Zua,
211,01-05-2019,,GCTR4049,Trawler,,Malabar Thryssa,Clupeiformes,Engraulidae,,Thryssa malabarica,,,,,Yes,1,10.5,2.2,3.1,9,19,35.53,,Zua,
212,01-05-2019,,GCTR4050,Trawler,,Yellowtail Scad,Perciformes,Carangidae,,Atule mate,,,,,Yes,1,6.7,1.1,2.6,4,19,35.53,,Zua,
213,01-05-2019,,GCTR4051,Trawler,,Smallscaled terapon,Perciformes,Actinopterygii,,Terapon puta,,,,,Yes,1,5.9,1.1,2.1,3,19,35.53,,Zua,
214,02-05-2019,,GCTR4052,Trawler,,Blacktip Trevally,Perciformes,Carangidae,,Caranx heberi,,,,,Yes,2,8.7,1.6,3.1,8,12,22.44,,Zua,
215,02-05-2019,,GCTR4053,Trawler,,Blacktip Trevally,Perciformes,Carangidae,,Caranx heberi,,,,,Yes,2,9.1,2.5,3.2,10,12,22.44,,Zua,
216,02-05-2019,,GCTR4054,Trawler,,Indian Mackerel,Perciformes,Scombridae,,Rastrelliger kanagurta,,,,,Yes,2,13.3,2.2,3.4,25,12,22.44,,Zua,
217,03-05-2019,,GCGN4010,Gill Net,,Scaly hairfin Anchovy,Clupeiformes,Engraulidae,,Setipinna taty,,,,,Yes,1,8.8,1.9,2.2,9,5,9.35,,Malvan,
218,03-05-2019,,GCGN4011,Gill Net,,Hardyhead silverside,Atheriniformes,Atherinidae,,Atharinomorus lacunosus,,,,,Yes,1,7.1,1.5,1.4,5,5,9.35,,Malvan,
219,03-05-2019,,GCTR4055,Trawler,,Scaly hairfin Anchovy,Clupeiformes,Engraulidae,,Setipinna taty,,,,,Yes,1,12.7,1.5,2.9,12,12,22.44,,Zua,
220,03-05-2019,,GCTR4056,Trawler,,Smallscaled terapon,Perciformes,Actinopterygii,,Terapon puta,,,,,Yes,1,9.5,2.1,3.4,22,12,22.44,,Zua,
221,03-05-2019,,GCTR4057,Trawler,,Spotted Catfish,Silluriformes,Ariidae,,Arius maculatus,,,,,Yes,1,14.2,3.5,3,46,12,22.44,,Zua,
222,03-05-2019,HCGN4068,,Gill Net,Hydrophis curtus,Bigeye ilisha,Clupeiformes,Pristigasteridae,,Ilisha megaloptera,,,,,Yes,1,11.3,3.3,3.5,22,,,,,
223,04-05-2019,,GCTR4058,Trawler,,Yellowtail Scad,Perciformes,Carangidae,,Atule mate,,,,,Yes,1,9,2.2,2.7,7,18,33.66,,Aachara,
224,04-05-2019,,GCTR4059,Trawler,,Razorbelly Scad,Perciformes,Carangidae,,Alepes kleinii,,,,,Yes,1,7.5,2.5,2.8,6,18,33.66,,Aachara,
225,04-05-2019,,GCTR4060,Trawler,,Pugnose Ponyfish,Perciformes,Leiognathidae,,Secutor insidiator,,,,,Yes,1,6.3,1.5,3.7,6,18,33.66,,Aachara,
226,04-05-2019,,GCTR4061,Trawler,,Smallscaled terapon,Perciformes,Actinopterygii,,Terapon puta,,,,,Yes,1,9.2,2.2,3.2,15,18,33.66,,Aachara,
227,05-05-2019,,GCGN4012,Gill Net,,Scaly hairfin Anchovy,Clupeiformes,Engraulidae,,Setipinna taty,,,,,Yes,1,7.7,2,1.8,4,5,9.35,,Malvan,
228,05-05-2019,,GCGN4013,Gill Net,,Spotted Catfish,Silluriformes,Ariidae,,Arius maculatus,,,,,Yes,1,11,2.3,2.2,22,5,9.35,,Malvan,
229,05-05-2019,,GCGN4014,Gill Net,,Lunartail Pufferfish,Tetraodontiforms,Tetraodontidae,,Lagocephalus lunaris,,,,,Yes,1,6,1.2,1.5,9,5,9.35,,Malvan,
230,05-05-2019,,GCTR4062,Trawler,,Scaly hairfin Anchovy,Clupeiformes,Engraulidae,,Setipinna taty,,,,,Yes,1,10.2,2.2,2.6,8,15,28.05,,Zua,
231,05-05-2019,,GCTR4063,Trawler,,Largscale tonguesole,Pleuronectiformes,Cynoglossidae,,Cynoglossus arel,,,,,Yes,1,8.8,1.2,2.2,7,15,28.05,,Zua,
232,05-05-2019,,GCTR4064,Trawler,,Blotched tigher-toothed croaker,Perciformes,Sciaenidae,,Pterotolithus maculatus,,,,,Yes,1,8.8,1.9,2.3,10,15,28.05,,Zua,
233,06-05-2019,,GCTR4065,Trawler,,Smallscaled terapon,Perciformes,Actinopterygii,,Terapon puta,,,,,Yes,1,9.2,1.3,3.5,22,15,28.05,,Zua,
234,06-05-2019,,GCTR4066,Trawler,,Moustached thryssa,Clupeiformes,Engraulidae,,Thryssa mystax,,,,,Yes,1,12.3,2.9,2.7,15,15,28.05,,Zua,
235,07-05-2019,,GCGN4015,Gill Net,,Pugnose Ponyfish,Perciformes,Leiognathidae,,Secutor insidiator,,,,,Yes,1,7.4,2.2,4.2,8,5,9.35,,Malvan,
236,07-05-2019,,GCGN4016,Gill Net,,Pugnose Ponyfish,Perciformes,Leiognathidae,,Secutor insidiator,,,,,Yes,1,5.2,2.1,3.1,6,5,9.35,,Malvan,
237,07-05-2019,,GCGN4017,Gill Net,,Yellowtail Scad,Perciformes,Carangidae,,Atule mate,,,,,Yes,1,10.2,3.1,3.5,12,8,14.96,,Devbag,
238,07-05-2019,,GCGN4018,Gill Net,,Black-edge Sweeper,Perciformes,Pempheridae,,Pempheris mangula,,,,,Yes,1,8.4,2,3.3,19,8,14.96,,Devbag,
239,07-05-2019,,GCTR4067,Trawler,,Indian Ilisha,Clupeiformes,Pristigasteridae,,Ilisha megaloptera,,,,,Yes,1,8.4,2.2,3.2,9,18,33.66,,Zua,
240,07-05-2019,,GCTR4068,Trawler,,Longjaw thryssa,Clupeiformes,Engraulidae,,Thryssa setiostris,,,,,Yes,1,12.1,2.3,3,21,18,33.66,,Zua,
241,07-05-2019,,GCTR4069,Trawler,,Rough Flathead,Scorpaeniformes,Platycephalidae,,Grammoplites scaber,,,,,Yes,1,12.3,1.9,2.2,16,18,33.66,,Zua,
242,07-05-2019,,GCTR4070,Trawler,,Scaly hairfin Anchovy,Clupeiformes,Engraulidae,,Setipinna taty,,,,,Yes,1,8.9,1,2.2,7,18,33.66,,Zua,
243,08-05-2019,,GCGN4019,Gill Net,,Yellowtail Scad,Perciformes,Carangidae,,Atule mate,,,,,Yes,1,10.3,3,3.4,15,8,14.96,,Malvan,
244,08-05-2019,,GCGN4020,Gill Net,,Pedve,Clupeiformes,Clupeidae,,Sardinella gibbosa,,,,,Yes,1,11.9,2.4,3.6,17,8,14.96,,Malvan,
245,08-05-2019,,GCGN4021,Gill Net,,Yellowtail Scad,Perciformes,Carangidae,,Atule mate,,,,,Yes,1,11.5,2.8,3.6,16,8,14.96,                                                                                                                                                                          ,Malvan,
246,08-05-2019,,GCTR4071,Trawler,,Yellowtail Scad,Perciformes,Carangidae,,Atule mate,,,,,Yes,1,14,3.6,5.3,46,,,,,
247,08-05-2019,,GCTR4072,Trawler,,Malabar Thryssa,Clupeiformes,Engraulidae,,Thryssa malabarica,,,,,Yes,1,16.2,3.1,4.5,53,,,,,
248,08-05-2019,,GCTR4073,Trawler,,Smallscaled terapon,Perciformes,Actinopterygii,,Terapon puta,,,,,Yes,1,8.6,2.1,3.1,21,,,,,
249,09-05-2019,,GCGN4022,Gill Net,,Pedve,Clupeiformes,Clupeidae,,Sardinella gibbosa,,,,,Yes,1,10.5,2.8,3.2,18,8,,,Tarkarli,
250,09-05-2019,,GCGN4023,Gill Net,,False Trevally,Perciformes,Lactariidae,,Lactarius lactarius,,,,,Yes,1,10.2,2.7,3.5,22,8,,,Tarkarli,
251,09-05-2019,,GCGN4024,Gill Net,,Yellowtail Scad,Perciformes,Carangidae,,Atule mate,,,,,Yes,1,8.8,2.9,2.8,13,8,,,Tarkarli,
252,09-05-2019,,GCGN4025,Gill Net,,Pugnose Ponyfish,Perciformes,Leiognathidae,,Secutor insidiator,,,,,Yes,1,8.6,2.4,4.3,17,8,,,Tarkarli,
253,09-05-2019,,GCGN4026,Gill Net,,Ornate Ponyfish,Perciformes,Leiognathidae,,Leiognathus lineolatus,,,,,Yes,1,5.3,2.8,2.6,3,8,,,Tarkarli,
254,09-05-2019,HSGN4121,HSGN4121,Gill Net,Hydrophis schistosus,Smallscaled terapon,Perciformes,Actinopterygii,,Terapon puta,,,,,Yes,2,8.7,1.8,2.3,8,,,,,
255,09-05-2019,,GCTR4074,Trawler,,Scaly hairfin Anchovy,Clupeiformes,Engraulidae,,Setipinna taty,,,,,Yes,1,8.3,1.7,2.2,8,18,,,Zua,
256,09-05-2019,,GCTR4075,Trawler,,Saddle Grunt,Perciformes,Haemulidae,,Pomadasys maculatum,,,,,Yes,1,8.8,1.6,3.4,20,18,,,Zua,
257,09-05-2019,,GCTR4076,Trawler,,Largscale tonguesole,Pleuronectiformes,Cynoglossidae,,Cynoglossus arel,,,,,Yes,1,7.3,0.8,1.7,2,18,,,Zua,
258,09-05-2019,,GCTR4077,Trawler,,Moustached thryssa,Clupeiformes,Engraulidae,,Thryssa mystax,,,,,Yes,1,9.7,2.2,2.4,10,18,,,Zua,
259,09-05-2019,,GCTR4078,Trawler,,Mantis Shrimp,,,,,,,,,Yes,1,9.5,,1.5,5,18,,,Zua,
260,09-05-2019,,GCTR4079,Trawler,,Conger Eel,Anguiliformes,Congridae,,Bathycongrus nasicus,,,,,Yes,1,36.5,,1.7,28,18,,,Zua,
261,09-05-2019,,GCTR4080,Trawler,,Squid,,,,,,,,,Yes,1,,,,,,,,Zua,
262,10-05-2019,,GCGN4027,Gill Net,,Dussumier's thryssa,Clupeiformes,Engraulidae,,Thryssa dussumieri,,,,,Yes,1,6.8,1.3,1.6,4,8,,,Malvan,
263,10-05-2019,,GCGN4028,Gill Net,,Blackfin Sea Catfish,Silluriformes,Ariidae,,Arius jella,,,,,Yes,1,7.2,1.7,1,5,8,,,Malvan,
264,10-05-2019,,GCGN4029,Gill Net,,Blackfin Sea Catfish,Silluriformes,Ariidae,,Arius jella,,,,,Yes,1,7.9,1.7,1.3,5,8,,,Malvan,
265,10-05-2019,,GCGN4030,Gill Net,,Lattice blassop,Tetraodontiforms,Tetraodontidae,,Takifugu oblongus,,,,,Yes,1,10.1,2.1,2.1,43,8,,,Malvan,
266,10-05-2019,,GCGN4031,Gill Net,,Ornate Ponyfish,Perciformes,Leiognathidae,,Leiognathus daura,,,,,Yes,1,5.9,1.4,2.3,4,8,,,Malvan,
267,10-05-2019,,GCGN4032,Gill Net,,Cuttle Fish,,,,,,,,,Yes,1,5.8,,3.8,31,8,,,Malvan,
268,10-05-2019,,GCTR4081,Trawler,,Spiny Cheeked Grouper,Perciformes,Serranidae,,Epinephelus diacanthus,,,,,Yes,1,13.2,2.9,3.6,48,16,,,Zua,
269,10-05-2019,,GCTR4082,Trawler,,Saddle Grunt,Perciformes,Haemulidae,,Pomadasys maculatum,,,,,Yes,1,9.6,1.5,3.3,18,16,,,Zua,
270,10-05-2019,,GCTR4083,Trawler,,Moustached thryssa,Clupeiformes,Engraulidae,,Thryssa mystax,,,,,Yes,1,11.8,2.8,3,15,16,,,Zua,
271,10-05-2019,,GCTR4084,Trawler,,Mantis Shrimp,,,,,,,,,Yes,1,8.6,,1.6,4,16,,,Zua,
272,10-05-2019,,GCTR4085,Trawler,,Squid,,,,,,,,,Yes,1,10.2,,,,16,,,Zua,
273,11-05-2019,,GCGN4033,Gill Net,,Moustached thryssa,Clupeiformes,Engraulidae,,Thryssa mystax,,,,,Yes,1,6.3,1.4,1.5,3,5,,,Malvan,
274,11-05-2019,,GCGN4034,Gill Net,,Moustached thryssa,Clupeiformes,Engraulidae,,Thryssa mystax,,,,,Yes,1,13.2,2.8,3.4,25,5,,,Malvan,
275,11-05-2019,,GCGN4035,Gill Net,,Rough Flathead,Scorpaeniformes,Platycephalidae,,Grammoplites scaber,,,,,Yes,1,13.3,2,2.4,16,5,,,Malvan,
276,11-05-2019,,AGTR4001,Trawler,,Spiny Cheeked Grouper,Perciformes,Serranidae,,Epinephelus diacanthus,,,,,Yes,3,13,3.2,3.5,20,17,,,Zua,
277,11-05-2019,,GCTR4086,Trawler,,Tardoore,Clupeiformes,Pristigasteridae,,Opisthopterus tardoore,,,,,Yes,1,13,2.4,3.8,19,18,,,Zua,
278,11-05-2019,,GCTR4087,Trawler,,Croaker,Perciformes,Sciaenidae,,,,,,,Yes,1,9.2,1.9,3,10,18,,,Zua,
279,11-05-2019,,GCTR4088,Trawler,,Squid,,,,,,,,,Yes,1,9.7,,3.8,45,18,,,Zua,
280,12-05-2019,,GCGN4036,Gill Net,,Spotted Catfish,Silluriformes,Ariidae,,Arius maculatus,,,,,Yes,1,8.2,2.7,1.5,8,5,,,Malvan,
281,12-05-2019,,GCGN4037,Gill Net,,Spotted Catfish,Silluriformes,Ariidae,,Arius maculatus,,,,,Yes,1,7.5,2.4,1.4,5,5,,,Malvan,
282,12-05-2019,HSGN4122,,,Hydrophis schistosus,Spiny Cheeked Grouper,Perciformes,Serranidae,,Epinephelus diacanthus,,,,,Yes,3,13.3,3,3.2,9,5,,,Malvan,
283,12-05-2019,,GCTR4089,Trawler,,Moustached thryssa,Clupeiformes,Engraulidae,,Thryssa mystax,,,,,Yes,1,12.7,3,3.4,16,16,,,Zua,
284,12-05-2019,,GCTR4090,Trawler,,Smallscaled terapon,Perciformes,Actinopterygii,,Terapon puta,,,,,Yes,1,8.8,2.4,3.2,14,16,,,Zua,
285,12-05-2019,,GCTR4091,Trawler,,Saddle Grunt,Perciformes,Haemulidae,,Pomadasys maculatum,,,,,Yes,1,11,2.2,4.2,25,16,,,Zua,
286,12-05-2019,,GCTR4092,Trawler,,Black pomfret,Perciformes,Carangidae,,Parastromateus niger,,,,,Yes,1,6.5,2,4.5,9,16,,,Zua,
287,12-05-2019,,GCTR4093,Trawler,,Prawns,,,,,,,,,Yes,1,8,,1,,16,,,Zua,
288,13-05-2019,,GCTR4094,Trawler,,Moustached thryssa,Clupeiformes,Engraulidae,,Thryssa mystax,,,,,Yes,1,13.2,3.1,4.2,24,19,,,Nortth of Malvan,
289,13-05-2019,,GCTR4095,Trawler,,Rough Flathead,Scorpaeniformes,Platycephalidae,,Grammoplites scaber,,,,,Yes,1,13.4,2.1,2.3,20,19,,,Nortth of Malvan,
290,13-05-2019,,GCTR4096,Trawler,,Conger Eel,Anguiliformes,Congridae,,Bathycongrus nasicus,,,,,Yes,1,32.2,,2.2,36,19,,,Nortth of Malvan,
291,14-05-2019,,GCGN4038,Gill Net,,Lunartail Pufferfish,Tetraodontiforms,Tetraodontidae,,Lagocephalus lunaris,,,,,Yes,1,10.6,2.8,3.5,45,5,,,Malvan,
292,14-05-2019,,GCGN4039,Gill Net,,Spotted Catfish,Silluriformes,Ariidae,,Arius maculatus,,,,,Yes,1,8,2.6,2,10,5,,,Malvan,
293,14-05-2019,,GCGN4040,Gill Net,,Kathala Croaker,Perciformes,Sciaenidae,,Kanthala axillaris,,,,,Yes,1,7.5,2.1,4,7,5,,,Malvan,
294,14-05-2019,,GCGN4041,Gill Net,,Bald Glassy,Perciformes,Ambassidae,,Ambassis gymnocephalus,,,,,Yes,1,6,1.5,2.5,3,5,,,Malvan,
295,14-05-2019,,GCTR4097,Trawler,,Mantis Shrimp,,,,,,,,,Yes,1,11.3,,2.5,12,10,,,Zua,
296,14-05-2019,,GCTR4098,Trawler,,Saddle Grunt,Perciformes,Haemulidae,,Pomadasys maculatum,,,,,Yes,1,11.8,2.4,4.5,36,10,,,Zua,
297,14-05-2019,,GCTR4099,Trawler,,Yellowtail Scad,Perciformes,Carangidae,,Atule mate,,,,,Yes,1,9,2.6,3.4,10,10,,,Zua,
298,14-05-2019,,GCTR4100,Trawler,,Scaly hairfin Anchovy,Clupeiformes,Engraulidae,,Setipinna taty,,,,,Yes,1,8.7,2.2,2.7,6,10,,,Zua,
299,14-05-2019,,GCTR4101,Trawler,,Black pomfret,Perciformes,Carangidae,,Parastromateus niger,,,,,Yes,1,5,1.5,4.7,3,10,,,Zua,
300,15-05-2019,,GCTR4102,Trawler,,Smooth blassop pufferfish,Tetraodontiforms,Tetraodontidae,,Lagocephalus inermis,,,,,Yes,1,7.4,1.3,2.4,5,16,,,Zua,
301,15-05-2019,,GCTR4103,Trawler,,Smallscaled terapon,Perciformes,Actinopterygii,,Terapon puta,,,,,Yes,1,11.1,2.1,4.5,28,16,,,Zua,
302,15-05-2019,,GCTR4104,Trawler,,Yellowtail Scad,Perciformes,Carangidae,,Atule mate,,,,,Yes,1,11.3,2.9,4.4,23,16,,,Zua,
303,15-05-2019,,GCTR4105,Trawler,,Longjaw thryssa,Clupeiformes,Engraulidae,,Thryssa setiostris,,,,,Yes,1,13.7,3.3,3.3,21,16,,,Zua,
304,15-05-2019,,GCTR4106,Trawler,,Conger Eel,Anguiliformes,Congridae,,Bathycongrus nasicus,,,,,Yes,1,40,,2.7,48,16,,,Zua,
305,16-05-2019,,GCTR4107,Trawler,,Moustached thryssa,Clupeiformes,Engraulidae,,Thryssa mystax,,,,,Yes,1,12.2,2.7,4.1,16,16,,,Zua,
306,16-05-2019,,GCTR4108,Trawler,,Rough Flathead,Scorpaeniformes,Platycephalidae,,Grammoplites scaber,,,,,Yes,1,14,1.7,4,18,16,,,Zua,
307,16-05-2019,,GCTR4109,Trawler,,Saddle Grunt,Perciformes,Haemulidae,,Pomadasys maculatum,,,,,Yes,1,8.1,1.9,3.7,14,16,,,Zua,
308,16-05-2019,,GCTR4110,Trawler,,Conger Eel,Anguiliformes,Congridae,,Bathycongrus nasicus,,,,,Yes,1,26.8,,2.7,31,16,,,Zua,
309,16-05-2019,,GCTR4111,Trawler,,Chinese Silver Pomfret,Perciformes,Stromateidae,,Pampus chinensis,,,,,Yes,1,9.8,1.7,7.9,27,16,,,Zua,
